transaction_id,customer_id,customer_name,customer_email,customer_phone,customer_address,customer_city,customer_state,customer_zip_code,customer_ip_address,customer_segment,customer_country,transaction_datetime,transaction_date,transaction_time,merchant_name,merchant_category,amount,payment_method,payment_status,response_code,response_text,card_last4,transaction_type,is_fraudulent,fraud_indicators,risk_score,fraud_type,customer_lifetime_value,customer_acquisition_channel,days_since_acquisition,transaction_count,device_type,is_mobile,session_duration_seconds,pages_viewed,processing_time_ms
LEGIT_SUB_0000,SUB_CUSTOMER_011,Mark Weaver,jeffery43@example.com,001-592-458-1054x970,"Unit 2997 Box 9634
DPO AE 13344",West Julie,Arkansas,40999,219.157.95.18,family,US,2025-07-14 10:59:07.603556,2025-07-14,10:59:07,StreamMax Pro,Streaming Service,9.99,mastercard,completed,00,Approved,1565,subscription,False,,21.81517041071358,,1836.6791556129017,paid_search,228,12,Android Mobile,True,1553,12,1556
LEGIT_SUB_0001,SUB_CUSTOMER_015,Jason Leonard,brian75@example.com,001-817-588-7252,"0984 Jasmine Corners Apt. 810
Lake Christopherport, NV 19801",New Michaelburgh,Nebraska,41928,223.66.168.225,premium,US,2025-06-23 10:59:07.603556,2025-06-23,10:59:07,StreamMax Pro,Streaming Service,9.99,mastercard,completed,00,Approved,7284,subscription,False,,14.358239678669246,,2515.2116291499515,direct,262,14,Windows PC,False,515,9,1827
LEGIT_SUB_0002,SUB_CUSTOMER_001,David Miller,potterterri@example.net,001-283-863-9280x24146,"1660 Savage Burgs
Armstrongport, AZ 24870",Blackfort,Hawaii,33677,24.116.206.206,premium,US,2025-06-27 10:59:07.603556,2025-06-27,10:59:07,StreamMax Pro,Streaming Service,19.99,visa,completed,00,Approved,8760,subscription,False,,24.062492251207594,,2248.943462705829,organic_search,133,6,Windows PC,False,945,11,669
LEGIT_SUB_0003,SUB_CUSTOMER_002,Mr. Jesse Adams,qhunter@example.org,627.658.9076,"45104 Shea Unions Apt. 887
Freemanberg, ME 95474",Palmerbury,Michigan,38449,121.27.245.93,family,US,2025-06-27 10:59:07.603556,2025-06-27,10:59:07,StreamMax Pro,Streaming Service,9.99,visa,completed,00,Approved,9391,subscription,False,,22.508988764510136,,4451.378980885229,direct,166,17,Mac OS,False,537,15,633
LEGIT_SUB_0004,SUB_CUSTOMER_002,Mr. Jesse Adams,qhunter@example.org,627.658.9076,"45104 Shea Unions Apt. 887
Freemanberg, ME 95474",Palmerbury,Michigan,38449,121.27.245.93,family,US,2025-07-12 10:59:07.603556,2025-07-12,10:59:07,StreamMax Pro,Streaming Service,14.99,mastercard,completed,00,Approved,4795,subscription,False,,9.754586750238396,,3380.120066988856,paid_search,72,9,Windows PC,False,1743,19,836
LEGIT_SUB_0005,SUB_CUSTOMER_016,Brandon Townsend,jray@example.net,536-204-4331,"117 Charles Green
North Margaretborough, DC 19999",Dunnton,Maine,86394,157.197.133.73,premium,US,2025-06-26 10:59:07.603556,2025-06-26,10:59:07,StreamMax Pro,Streaming Service,9.99,paypal,completed,00,Approved,8564,subscription,False,,10.100555521007475,,3311.4502466353556,organic_search,176,7,Mac OS,False,864,19,838
LEGIT_SUB_0006,SUB_CUSTOMER_008,Robert Ramirez,scott16@example.org,001-577-673-9348x20702,"562 Brendan Roads
Mcintyrebury, NC 72883",Cookechester,Maryland,76488,202.227.200.162,premium,US,2025-07-08 10:59:07.603556,2025-07-08,10:59:07,StreamMax Pro,Streaming Service,14.99,visa,completed,00,Approved,2336,subscription,False,,23.17464089258578,,2304.124683765517,paid_search,101,6,Android Mobile,True,1162,7,536
LEGIT_SUB_0007,SUB_CUSTOMER_019,Andrew Thompson,foxantonio@example.org,(819)847-4280x604,"0415 Ortega Radial Suite 487
Port Travis, NE 77564",Lake Donald,Texas,73475,222.247.151.60,family,US,2025-07-03 10:59:07.603556,2025-07-03,10:59:07,StreamMax Pro,Streaming Service,14.99,paypal,completed,00,Approved,1439,subscription,False,,23.29784623975473,,3794.6110624706553,paid_search,163,12,Mac OS,False,1591,11,588
LEGIT_SUB_0008,SUB_CUSTOMER_003,Cassandra Travis,andrewgonzalez@example.net,962.510.3507x3589,"366 Mora Brooks
West Charlene, IA 54302",Natalieview,Maine,72662,215.230.60.152,family,US,2025-07-03 10:59:07.603556,2025-07-03,10:59:07,StreamMax Pro,Streaming Service,19.99,mastercard,completed,00,Approved,8356,subscription,False,,17.67342429531523,,815.3315493993382,organic_search,328,4,iPhone/iOS,True,919,13,639
LEGIT_SUB_0009,SUB_CUSTOMER_012,David Fitzgerald,jcooper@example.net,001-453-325-7473x904,"Unit 0899 Box 7220
DPO AP 91705",Littleborough,Mississippi,44498,185.173.17.202,family,US,2025-07-13 10:59:07.603556,2025-07-13,10:59:07,StreamMax Pro,Streaming Service,19.99,mastercard,completed,00,Approved,7277,subscription,False,,24.15360246720911,,1498.3399259549615,social_media,110,19,Mac OS,False,1367,5,1434
LEGIT_SUB_0010,SUB_CUSTOMER_008,Robert Ramirez,scott16@example.org,001-577-673-9348x20702,"562 Brendan Roads
Mcintyrebury, NC 72883",Cookechester,Maryland,76488,202.227.200.162,premium,US,2025-06-29 10:59:07.603556,2025-06-29,10:59:07,StreamMax Pro,Streaming Service,14.99,mastercard,completed,00,Approved,7655,subscription,False,,10.957822203013505,,2685.625953427121,direct,254,15,Windows PC,False,1023,17,948
LEGIT_SUB_0011,SUB_CUSTOMER_001,David Miller,potterterri@example.net,001-283-863-9280x24146,"1660 Savage Burgs
Armstrongport, AZ 24870",Blackfort,Hawaii,33677,24.116.206.206,premium,US,2025-06-19 10:59:07.603556,2025-06-19,10:59:07,StreamMax Pro,Streaming Service,9.99,paypal,completed,00,Approved,2308,subscription,False,,17.54744090568494,,3586.044253637141,organic_search,75,11,Windows PC,False,586,6,1923
LEGIT_SUB_0012,SUB_CUSTOMER_003,Cassandra Travis,andrewgonzalez@example.net,962.510.3507x3589,"366 Mora Brooks
West Charlene, IA 54302",Natalieview,Maine,72662,215.230.60.152,family,US,2025-07-16 10:59:07.603556,2025-07-16,10:59:07,StreamMax Pro,Streaming Service,29.99,mastercard,completed,00,Approved,2527,subscription,False,,13.172360635705147,,1241.0374911815252,organic_search,203,3,iPhone/iOS,True,599,16,1349
LEGIT_SUB_0013,SUB_CUSTOMER_014,Nicolas Gonzalez,xjones@example.org,247-448-4491x32256,"098 Morris Landing Apt. 617
Terrellville, LA 30234",Carlborough,Minnesota,86461,215.121.100.129,individual,US,2025-07-08 10:59:07.603556,2025-07-08,10:59:07,StreamMax Pro,Streaming Service,19.99,visa,completed,00,Approved,8749,subscription,False,,10.731362127179855,,667.9904726074111,direct,159,10,iPhone/iOS,True,461,18,218
LEGIT_SUB_0014,SUB_CUSTOMER_015,Jason Leonard,brian75@example.com,001-817-588-7252,"0984 Jasmine Corners Apt. 810
Lake Christopherport, NV 19801",New Michaelburgh,Nebraska,41928,223.66.168.225,premium,US,2025-07-12 10:59:07.603556,2025-07-12,10:59:07,StreamMax Pro,Streaming Service,19.99,paypal,completed,00,Approved,8509,subscription,False,,9.159918745890774,,4293.838303248238,paid_search,345,10,iPhone/iOS,True,430,13,1124
LEGIT_SUB_0015,SUB_CUSTOMER_008,Robert Ramirez,scott16@example.org,001-577-673-9348x20702,"562 Brendan Roads
Mcintyrebury, NC 72883",Cookechester,Maryland,76488,202.227.200.162,premium,US,2025-07-10 10:59:07.603556,2025-07-10,10:59:07,StreamMax Pro,Streaming Service,29.99,visa,completed,00,Approved,4414,subscription,False,,10.887201094801943,,2530.014709011526,paid_search,229,3,iPhone/iOS,True,998,7,1025
LEGIT_SUB_0016,SUB_CUSTOMER_014,Nicolas Gonzalez,xjones@example.org,247-448-4491x32256,"098 Morris Landing Apt. 617
Terrellville, LA 30234",Carlborough,Minnesota,86461,215.121.100.129,individual,US,2025-07-12 10:59:07.603556,2025-07-12,10:59:07,StreamMax Pro,Streaming Service,19.99,paypal,completed,00,Approved,4385,subscription,False,,5.99357121549218,,4612.046476932356,direct,273,5,Android Mobile,True,936,17,1234
LEGIT_SUB_0017,SUB_CUSTOMER_012,David Fitzgerald,jcooper@example.net,001-453-325-7473x904,"Unit 0899 Box 7220
DPO AP 91705",Littleborough,Mississippi,44498,185.173.17.202,family,US,2025-06-19 10:59:07.603556,2025-06-19,10:59:07,StreamMax Pro,Streaming Service,19.99,visa,completed,00,Approved,5660,subscription,False,,19.07503112499403,,2372.862154935371,organic_search,167,15,iPhone/iOS,True,1239,16,1466
LEGIT_SUB_0018,SUB_CUSTOMER_002,Mr. Jesse Adams,qhunter@example.org,627.658.9076,"45104 Shea Unions Apt. 887
Freemanberg, ME 95474",Palmerbury,Michigan,38449,121.27.245.93,family,US,2025-07-04 10:59:07.603556,2025-07-04,10:59:07,StreamMax Pro,Streaming Service,19.99,paypal,completed,00,Approved,2642,subscription,False,,10.550959418567063,,3316.6565210323606,social_media,289,19,Mac OS,False,952,9,680
LEGIT_SUB_0019,SUB_CUSTOMER_012,David Fitzgerald,jcooper@example.net,001-453-325-7473x904,"Unit 0899 Box 7220
DPO AP 91705",Littleborough,Mississippi,44498,185.173.17.202,family,US,2025-07-05 10:59:07.603556,2025-07-05,10:59:07,StreamMax Pro,Streaming Service,14.99,paypal,completed,00,Approved,8680,subscription,False,,24.328718900972547,,2153.188691769218,paid_search,361,19,Android Mobile,True,958,18,826
LEGIT_SUB_0020,SUB_CUSTOMER_001,David Miller,potterterri@example.net,001-283-863-9280x24146,"1660 Savage Burgs
Armstrongport, AZ 24870",Blackfort,Hawaii,33677,24.116.206.206,premium,US,2025-07-01 10:59:07.603556,2025-07-01,10:59:07,StreamMax Pro,Streaming Service,29.99,paypal,completed,00,Approved,4379,subscription,False,,11.398661430183806,,2407.0928644482437,organic_search,185,6,iPhone/iOS,True,697,10,549
LEGIT_SUB_0021,SUB_CUSTOMER_015,Jason Leonard,brian75@example.com,001-817-588-7252,"0984 Jasmine Corners Apt. 810
Lake Christopherport, NV 19801",New Michaelburgh,Nebraska,41928,223.66.168.225,premium,US,2025-07-07 10:59:07.603556,2025-07-07,10:59:07,StreamMax Pro,Streaming Service,19.99,visa,completed,00,Approved,3886,subscription,False,,5.114765735171984,,4417.199320747261,social_media,127,3,Windows PC,False,950,11,1135
LEGIT_SUB_0022,SUB_CUSTOMER_004,Stephen Wolfe,ghall@example.net,719-462-0257,"PSC 8715, Box 5991
APO AA 03717",Port Katherinetown,Tennessee,54815,120.112.178.15,individual,US,2025-07-13 10:59:07.603556,2025-07-13,10:59:07,StreamMax Pro,Streaming Service,29.99,visa,completed,00,Approved,1743,subscription,False,,9.26528672779076,,2538.600012329591,direct,186,8,Windows PC,False,1493,13,1302
LEGIT_SUB_0023,SUB_CUSTOMER_008,Robert Ramirez,scott16@example.org,001-577-673-9348x20702,"562 Brendan Roads
Mcintyrebury, NC 72883",Cookechester,Maryland,76488,202.227.200.162,premium,US,2025-07-05 10:59:07.603556,2025-07-05,10:59:07,StreamMax Pro,Streaming Service,14.99,visa,completed,00,Approved,6266,subscription,False,,12.637929208002472,,2430.6424123258853,organic_search,145,18,Mac OS,False,357,9,272
LEGIT_SUB_0024,SUB_CUSTOMER_001,David Miller,potterterri@example.net,001-283-863-9280x24146,"1660 Savage Burgs
Armstrongport, AZ 24870",Blackfort,Hawaii,33677,24.116.206.206,premium,US,2025-06-17 10:59:07.603556,2025-06-17,10:59:07,StreamMax Pro,Streaming Service,14.99,visa,completed,00,Approved,7339,subscription,False,,15.52045707481038,,1683.3596458407128,social_media,203,8,iPhone/iOS,True,1432,5,1641
LEGIT_SUB_0025,SUB_CUSTOMER_005,Jeffrey Berry,davidtorres@example.org,(607)560-4888,"6055 Wolfe Skyway
Meyersstad, MA 25125",Popeburgh,Vermont,37234,171.120.121.127,premium,US,2025-07-15 10:59:07.603556,2025-07-15,10:59:07,StreamMax Pro,Streaming Service,29.99,visa,completed,00,Approved,8944,subscription,False,,5.7750036595122545,,4626.304532762096,direct,93,7,iPhone/iOS,True,1797,6,1264
LEGIT_SUB_0026,SUB_CUSTOMER_010,Jonathan Lee,julia47@example.org,5663162930,"1282 Laurie Valley Apt. 920
Taylorshire, CA 79710",South Timothyside,Massachusetts,61510,221.137.220.231,premium,US,2025-07-11 10:59:07.603556,2025-07-11,10:59:07,StreamMax Pro,Streaming Service,14.99,mastercard,completed,00,Approved,9214,subscription,False,,18.31133627893054,,1423.6445804459288,paid_search,58,16,iPhone/iOS,True,1461,9,1858
LEGIT_SUB_0027,SUB_CUSTOMER_005,Jeffrey Berry,davidtorres@example.org,(607)560-4888,"6055 Wolfe Skyway
Meyersstad, MA 25125",Popeburgh,Vermont,37234,171.120.121.127,premium,US,2025-07-01 10:59:07.603556,2025-07-01,10:59:07,StreamMax Pro,Streaming Service,14.99,visa,completed,00,Approved,7448,subscription,False,,24.872573042201026,,2361.6221237825102,direct,255,4,Mac OS,False,770,6,1074
LEGIT_SUB_0028,SUB_CUSTOMER_015,Jason Leonard,brian75@example.com,001-817-588-7252,"0984 Jasmine Corners Apt. 810
Lake Christopherport, NV 19801",New Michaelburgh,Nebraska,41928,223.66.168.225,premium,US,2025-06-25 10:59:07.603556,2025-06-25,10:59:07,StreamMax Pro,Streaming Service,14.99,mastercard,completed,00,Approved,7247,subscription,False,,9.330269183614082,,1756.7892984041162,organic_search,117,5,iPhone/iOS,True,1479,10,287
LEGIT_SUB_0029,SUB_CUSTOMER_013,Amber Jones,barrrandall@example.org,717.443.6683,"501 John Parkways Suite 344
West Alexis, PW 61674",West Gavin,Nebraska,88413,50.32.170.3,individual,US,2025-07-09 10:59:07.603556,2025-07-09,10:59:07,StreamMax Pro,Streaming Service,9.99,paypal,completed,00,Approved,6319,subscription,False,,12.272583768271268,,4316.021249461017,direct,172,6,Android Mobile,True,337,13,1344
LEGIT_SUB_0030,SUB_CUSTOMER_015,Jason Leonard,brian75@example.com,001-817-588-7252,"0984 Jasmine Corners Apt. 810
Lake Christopherport, NV 19801",New Michaelburgh,Nebraska,41928,223.66.168.225,premium,US,2025-06-25 10:59:07.603556,2025-06-25,10:59:07,StreamMax Pro,Streaming Service,14.99,mastercard,completed,00,Approved,1397,subscription,False,,20.289021907750836,,2712.532178920651,social_media,190,4,Windows PC,False,581,6,979
LEGIT_SUB_0031,SUB_CUSTOMER_018,Crystal Lee,michelevaldez@example.com,001-979-394-0863x992,"9392 Wong Rapids Suite 113
Port Jessica, MO 30447",Tammybury,Tennessee,23134,84.93.70.79,premium,US,2025-07-08 10:59:07.603556,2025-07-08,10:59:07,StreamMax Pro,Streaming Service,29.99,visa,completed,00,Approved,8067,subscription,False,,24.89704751891303,,807.3493034096382,direct,47,19,iPhone/iOS,True,1363,6,1470
LEGIT_SUB_0032,SUB_CUSTOMER_016,Brandon Townsend,jray@example.net,536-204-4331,"117 Charles Green
North Margaretborough, DC 19999",Dunnton,Maine,86394,157.197.133.73,premium,US,2025-06-20 10:59:07.603556,2025-06-20,10:59:07,StreamMax Pro,Streaming Service,9.99,visa,completed,00,Approved,4646,subscription,False,,14.341431990726976,,4633.09535983335,paid_search,263,17,Windows PC,False,371,7,1738
LEGIT_SUB_0033,SUB_CUSTOMER_003,Cassandra Travis,andrewgonzalez@example.net,962.510.3507x3589,"366 Mora Brooks
West Charlene, IA 54302",Natalieview,Maine,72662,215.230.60.152,family,US,2025-06-18 10:59:07.603556,2025-06-18,10:59:07,StreamMax Pro,Streaming Service,9.99,paypal,completed,00,Approved,2294,subscription,False,,22.502122351030344,,3379.1656603679717,paid_search,334,17,Windows PC,False,754,18,1683
LEGIT_SUB_0034,SUB_CUSTOMER_013,Amber Jones,barrrandall@example.org,717.443.6683,"501 John Parkways Suite 344
West Alexis, PW 61674",West Gavin,Nebraska,88413,50.32.170.3,individual,US,2025-06-22 10:59:07.603556,2025-06-22,10:59:07,StreamMax Pro,Streaming Service,29.99,visa,completed,00,Approved,1120,subscription,False,,19.111436202520807,,4188.584730186888,paid_search,196,3,Windows PC,False,748,15,396
LEGIT_SUB_0035,SUB_CUSTOMER_000,Jonathan Garcia,elizabeth10@example.org,001-697-299-3884x04830,"413 Jones Mall Suite 859
Smithport, AK 23979",Bakerberg,Utah,53361,90.101.14.39,premium,US,2025-07-09 10:59:07.603556,2025-07-09,10:59:07,StreamMax Pro,Streaming Service,9.99,mastercard,completed,00,Approved,3046,subscription,False,,19.933920330143657,,4474.723875305277,direct,50,6,Windows PC,False,1497,5,1768
LEGIT_SUB_0036,SUB_CUSTOMER_014,Nicolas Gonzalez,xjones@example.org,247-448-4491x32256,"098 Morris Landing Apt. 617
Terrellville, LA 30234",Carlborough,Minnesota,86461,215.121.100.129,individual,US,2025-07-10 10:59:07.603556,2025-07-10,10:59:07,StreamMax Pro,Streaming Service,9.99,paypal,completed,00,Approved,5653,subscription,False,,13.402827089248294,,3902.511533537086,social_media,105,8,Mac OS,False,582,14,678
LEGIT_SUB_0037,SUB_CUSTOMER_011,Mark Weaver,jeffery43@example.com,001-592-458-1054x970,"Unit 2997 Box 9634
DPO AE 13344",West Julie,Arkansas,40999,219.157.95.18,family,US,2025-06-29 10:59:07.603556,2025-06-29,10:59:07,StreamMax Pro,Streaming Service,14.99,paypal,completed,00,Approved,2110,subscription,False,,7.3525683015053955,,3000.8895718443446,organic_search,127,5,Windows PC,False,1179,8,654
LEGIT_SUB_0038,SUB_CUSTOMER_018,Crystal Lee,michelevaldez@example.com,001-979-394-0863x992,"9392 Wong Rapids Suite 113
Port Jessica, MO 30447",Tammybury,Tennessee,23134,84.93.70.79,premium,US,2025-07-06 10:59:07.603556,2025-07-06,10:59:07,StreamMax Pro,Streaming Service,29.99,paypal,completed,00,Approved,5045,subscription,False,,12.007617964953045,,1949.1596078770403,paid_search,263,19,Android Mobile,True,1747,15,214
LEGIT_SUB_0039,SUB_CUSTOMER_005,Jeffrey Berry,davidtorres@example.org,(607)560-4888,"6055 Wolfe Skyway
Meyersstad, MA 25125",Popeburgh,Vermont,37234,171.120.121.127,premium,US,2025-06-20 10:59:07.603556,2025-06-20,10:59:07,StreamMax Pro,Streaming Service,14.99,mastercard,completed,00,Approved,3760,subscription,False,,15.760230248546744,,4238.076960998482,paid_search,229,16,Mac OS,False,1563,13,351
LEGIT_SUB_0040,SUB_CUSTOMER_009,Lori Jenkins,lewisrick@example.net,001-833-872-8137x8177,"USCGC Henry
FPO AP 07616",South Kellyfort,Iowa,56722,219.88.106.55,premium,US,2025-07-11 10:59:07.603556,2025-07-11,10:59:07,StreamMax Pro,Streaming Service,9.99,visa,completed,00,Approved,3389,subscription,False,,21.44143825357237,,2284.887442142326,social_media,125,9,iPhone/iOS,True,530,7,792
LEGIT_SUB_0041,SUB_CUSTOMER_000,Jonathan Garcia,elizabeth10@example.org,001-697-299-3884x04830,"413 Jones Mall Suite 859
Smithport, AK 23979",Bakerberg,Utah,53361,90.101.14.39,premium,US,2025-07-03 10:59:07.603556,2025-07-03,10:59:07,StreamMax Pro,Streaming Service,19.99,mastercard,completed,00,Approved,7114,subscription,False,,6.348091484502369,,2851.3383201849733,organic_search,343,11,Android Mobile,True,1323,12,1152
LEGIT_SUB_0042,SUB_CUSTOMER_011,Mark Weaver,jeffery43@example.com,001-592-458-1054x970,"Unit 2997 Box 9634
DPO AE 13344",West Julie,Arkansas,40999,219.157.95.18,family,US,2025-07-04 10:59:07.603556,2025-07-04,10:59:07,StreamMax Pro,Streaming Service,19.99,visa,completed,00,Approved,6370,subscription,False,,14.652779849481249,,4735.033122969474,direct,297,19,iPhone/iOS,True,527,9,249
LEGIT_SUB_0043,SUB_CUSTOMER_003,Cassandra Travis,andrewgonzalez@example.net,962.510.3507x3589,"366 Mora Brooks
West Charlene, IA 54302",Natalieview,Maine,72662,215.230.60.152,family,US,2025-06-18 10:59:07.603556,2025-06-18,10:59:07,StreamMax Pro,Streaming Service,29.99,paypal,completed,00,Approved,9728,subscription,False,,13.32282118386729,,1826.1849759717852,paid_search,215,13,Android Mobile,True,1579,12,176
LEGIT_SUB_0044,SUB_CUSTOMER_004,Stephen Wolfe,ghall@example.net,719-462-0257,"PSC 8715, Box 5991
APO AA 03717",Port Katherinetown,Tennessee,54815,120.112.178.15,individual,US,2025-06-28 10:59:07.603556,2025-06-28,10:59:07,StreamMax Pro,Streaming Service,9.99,paypal,completed,00,Approved,5344,subscription,False,,15.033017524443368,,1568.5629397957723,social_media,272,5,iPhone/iOS,True,1515,7,206
LEGIT_SUB_0045,SUB_CUSTOMER_012,David Fitzgerald,jcooper@example.net,001-453-325-7473x904,"Unit 0899 Box 7220
DPO AP 91705",Littleborough,Mississippi,44498,185.173.17.202,family,US,2025-06-30 10:59:07.603556,2025-06-30,10:59:07,StreamMax Pro,Streaming Service,19.99,mastercard,completed,00,Approved,6177,subscription,False,,9.92761131321243,,4883.20122755659,paid_search,256,8,Mac OS,False,806,17,1453
LEGIT_SUB_0046,SUB_CUSTOMER_000,Jonathan Garcia,elizabeth10@example.org,001-697-299-3884x04830,"413 Jones Mall Suite 859
Smithport, AK 23979",Bakerberg,Utah,53361,90.101.14.39,premium,US,2025-07-12 10:59:07.603556,2025-07-12,10:59:07,StreamMax Pro,Streaming Service,9.99,visa,completed,00,Approved,1020,subscription,False,,22.638178290730895,,1184.9517259041445,direct,162,14,Android Mobile,True,1351,19,715
LEGIT_SUB_0047,SUB_CUSTOMER_013,Amber Jones,barrrandall@example.org,717.443.6683,"501 John Parkways Suite 344
West Alexis, PW 61674",West Gavin,Nebraska,88413,50.32.170.3,individual,US,2025-06-26 10:59:07.603556,2025-06-26,10:59:07,StreamMax Pro,Streaming Service,29.99,visa,completed,00,Approved,3023,subscription,False,,19.026224512810366,,3962.558410363306,direct,220,3,Android Mobile,True,1170,16,1056
LEGIT_SUB_0048,SUB_CUSTOMER_005,Jeffrey Berry,davidtorres@example.org,(607)560-4888,"6055 Wolfe Skyway
Meyersstad, MA 25125",Popeburgh,Vermont,37234,171.120.121.127,premium,US,2025-06-22 10:59:07.603556,2025-06-22,10:59:07,StreamMax Pro,Streaming Service,9.99,paypal,completed,00,Approved,1329,subscription,False,,5.556747085120513,,1420.3747420881655,direct,181,11,Windows PC,False,1129,14,124
LEGIT_SUB_0049,SUB_CUSTOMER_010,Jonathan Lee,julia47@example.org,5663162930,"1282 Laurie Valley Apt. 920
Taylorshire, CA 79710",South Timothyside,Massachusetts,61510,221.137.220.231,premium,US,2025-06-16 10:59:07.603556,2025-06-16,10:59:07,StreamMax Pro,Streaming Service,19.99,visa,completed,00,Approved,7489,subscription,False,,19.55613374042028,,4641.223483294944,organic_search,154,12,Mac OS,False,317,19,547
LEGIT_SUB_0050,SUB_CUSTOMER_002,Mr. Jesse Adams,qhunter@example.org,627.658.9076,"45104 Shea Unions Apt. 887
Freemanberg, ME 95474",Palmerbury,Michigan,38449,121.27.245.93,family,US,2025-07-16 10:59:07.603556,2025-07-16,10:59:07,StreamMax Pro,Streaming Service,9.99,paypal,completed,00,Approved,4898,subscription,False,,22.074493933741167,,3968.831966586119,paid_search,238,19,iPhone/iOS,True,1737,17,1512
LEGIT_SUB_0051,SUB_CUSTOMER_016,Brandon Townsend,jray@example.net,536-204-4331,"117 Charles Green
North Margaretborough, DC 19999",Dunnton,Maine,86394,157.197.133.73,premium,US,2025-07-10 10:59:07.603556,2025-07-10,10:59:07,StreamMax Pro,Streaming Service,14.99,mastercard,completed,00,Approved,5966,subscription,False,,20.815914066721334,,1585.4999757066983,organic_search,247,4,Windows PC,False,1284,19,1034
LEGIT_SUB_0052,SUB_CUSTOMER_007,April Pugh,mccormickkeith@example.net,667-802-7596x8540,"1247 Billy Forges Apt. 421
West Amyburgh, UT 71018",Wilsonbury,Alabama,24058,155.92.63.46,premium,US,2025-06-23 10:59:07.603556,2025-06-23,10:59:07,StreamMax Pro,Streaming Service,19.99,mastercard,completed,00,Approved,9072,subscription,False,,18.440187232554486,,1681.3683840281217,direct,208,19,Mac OS,False,345,5,1462
LEGIT_SUB_0053,SUB_CUSTOMER_015,Jason Leonard,brian75@example.com,001-817-588-7252,"0984 Jasmine Corners Apt. 810
Lake Christopherport, NV 19801",New Michaelburgh,Nebraska,41928,223.66.168.225,premium,US,2025-06-28 10:59:07.603556,2025-06-28,10:59:07,StreamMax Pro,Streaming Service,9.99,mastercard,completed,00,Approved,2207,subscription,False,,20.80258781081923,,2918.3192838954433,organic_search,183,4,Mac OS,False,1124,8,1815
LEGIT_SUB_0054,SUB_CUSTOMER_018,Crystal Lee,michelevaldez@example.com,001-979-394-0863x992,"9392 Wong Rapids Suite 113
Port Jessica, MO 30447",Tammybury,Tennessee,23134,84.93.70.79,premium,US,2025-07-11 10:59:07.603556,2025-07-11,10:59:07,StreamMax Pro,Streaming Service,19.99,visa,completed,00,Approved,4803,subscription,False,,24.180519280926774,,2711.6794676661875,social_media,211,8,Mac OS,False,1780,17,905
LEGIT_SUB_0055,SUB_CUSTOMER_019,Andrew Thompson,foxantonio@example.org,(819)847-4280x604,"0415 Ortega Radial Suite 487
Port Travis, NE 77564",Lake Donald,Texas,73475,222.247.151.60,family,US,2025-07-05 10:59:07.603556,2025-07-05,10:59:07,StreamMax Pro,Streaming Service,9.99,mastercard,completed,00,Approved,2480,subscription,False,,17.575425481317467,,1048.6330726477518,direct,283,12,iPhone/iOS,True,1319,9,1678
LEGIT_SUB_0056,SUB_CUSTOMER_005,Jeffrey Berry,davidtorres@example.org,(607)560-4888,"6055 Wolfe Skyway
Meyersstad, MA 25125",Popeburgh,Vermont,37234,171.120.121.127,premium,US,2025-06-24 10:59:07.603556,2025-06-24,10:59:07,StreamMax Pro,Streaming Service,19.99,visa,completed,00,Approved,6288,subscription,False,,12.662784029499957,,2239.156538308897,social_media,126,13,Android Mobile,True,1276,14,1662
LEGIT_SUB_0057,SUB_CUSTOMER_002,Mr. Jesse Adams,qhunter@example.org,627.658.9076,"45104 Shea Unions Apt. 887
Freemanberg, ME 95474",Palmerbury,Michigan,38449,121.27.245.93,family,US,2025-07-06 10:59:07.603556,2025-07-06,10:59:07,StreamMax Pro,Streaming Service,14.99,paypal,completed,00,Approved,5511,subscription,False,,13.80758463951076,,4114.644537595619,social_media,232,3,iPhone/iOS,True,601,8,1035
LEGIT_SUB_0058,SUB_CUSTOMER_001,David Miller,potterterri@example.net,001-283-863-9280x24146,"1660 Savage Burgs
Armstrongport, AZ 24870",Blackfort,Hawaii,33677,24.116.206.206,premium,US,2025-07-02 10:59:07.603556,2025-07-02,10:59:07,StreamMax Pro,Streaming Service,29.99,visa,completed,00,Approved,8038,subscription,False,,17.878062524822894,,3928.4298697053487,paid_search,284,17,Android Mobile,True,622,9,1488
LEGIT_SUB_0059,SUB_CUSTOMER_001,David Miller,potterterri@example.net,001-283-863-9280x24146,"1660 Savage Burgs
Armstrongport, AZ 24870",Blackfort,Hawaii,33677,24.116.206.206,premium,US,2025-07-12 10:59:07.603556,2025-07-12,10:59:07,StreamMax Pro,Streaming Service,29.99,mastercard,completed,00,Approved,6840,subscription,False,,10.116891989947367,,4930.432611203405,social_media,34,17,Windows PC,False,1376,8,780
TRIAL_ABUSE_0000,TRIAL_ABUSER_000,Trial User0,trial0@tempmail.org,555-7488,"57917 Cabrera Spring Apt. 545
Paulchester, MO 12586",New Lanceborough,Texas,59438,192.168.1.100,trial,US,2025-06-16 10:59:07.603556,2025-06-16,10:59:07,StreamMax Pro,Streaming Service,0.0,visa,completed,00,Approved,1000,free_trial,True,"trial_abuse,temp_email,sequential_cards",82.1596642720576,trial_abuse,83.88613264115068,organic_search,29,1,iPhone/iOS,True,64,1,844
TRIAL_ABUSE_0001,TRIAL_ABUSER_001,Trial User1,trial1@guerrillamail.com,555-8556,"869 Eric Extension
Lake John, PW 12730",East Stevenhaven,Arkansas,17489,192.168.1.101,trial,US,2025-06-16 12:59:07.603556,2025-06-16,12:59:07,StreamMax Pro,Streaming Service,0.0,visa,completed,00,Approved,1001,free_trial,True,"trial_abuse,temp_email,sequential_cards",80.84557155032753,trial_abuse,168.42895452615878,direct,28,1,iPhone/iOS,True,121,1,176
TRIAL_ABUSE_0002,TRIAL_ABUSER_002,Trial User2,trial2@10minutemail.com,555-5446,"820 Cole Motorway Suite 486
West Stephanieport, DE 97302",Alyssafurt,Oregon,66025,192.168.1.102,trial,US,2025-06-16 14:59:07.603556,2025-06-16,14:59:07,StreamMax Pro,Streaming Service,0.0,visa,completed,00,Approved,1002,free_trial,True,"trial_abuse,temp_email,sequential_cards",81.27548920597522,trial_abuse,398.11567400223436,social_media,11,1,Windows PC,False,39,3,759
TRIAL_ABUSE_0003,TRIAL_ABUSER_003,Trial User3,trial3@tempmail.org,555-6443,"3243 Watts Place Apt. 061
South Sherriton, HI 17042",Matthewfort,North Dakota,92510,192.168.1.103,trial,US,2025-06-16 16:59:07.603556,2025-06-16,16:59:07,StreamMax Pro,Streaming Service,0.0,visa,completed,00,Approved,1003,free_trial,True,"trial_abuse,temp_email,sequential_cards",82.16794631704951,trial_abuse,126.5861447175648,social_media,20,1,Windows PC,False,107,1,569
TRIAL_ABUSE_0004,TRIAL_ABUSER_004,Trial User4,trial4@tempmail.org,555-7319,"10296 Stewart Route Suite 736
New Madelinetown, WA 82648",Rachelchester,Massachusetts,39582,192.168.1.104,trial,US,2025-06-16 18:59:07.603556,2025-06-16,18:59:07,StreamMax Pro,Streaming Service,0.0,visa,completed,00,Approved,1004,free_trial,True,"trial_abuse,temp_email,sequential_cards",83.02937017948324,trial_abuse,67.36731412226825,social_media,28,1,Windows PC,False,67,4,1487
TRIAL_ABUSE_0005,TRIAL_ABUSER_005,Trial User5,trial5@tempmail.org,555-9778,"4088 Marie Stravenue
West Ashleychester, GA 26764",Chasehaven,Colorado,74961,192.168.1.105,trial,US,2025-06-16 20:59:07.603556,2025-06-16,20:59:07,StreamMax Pro,Streaming Service,0.0,visa,completed,00,Approved,1005,free_trial,True,"trial_abuse,temp_email,sequential_cards",77.68845826152224,trial_abuse,308.2762935977042,social_media,4,2,Android Mobile,True,168,1,913
TRIAL_ABUSE_0006,TRIAL_ABUSER_006,Trial User6,trial6@tempmail.org,555-8104,"497 Rangel Spur
Bishopmouth, DC 07661",Kimberlyfort,Connecticut,14904,192.168.1.106,trial,US,2025-06-16 22:59:07.603556,2025-06-16,22:59:07,StreamMax Pro,Streaming Service,0.0,visa,completed,00,Approved,1006,free_trial,True,"trial_abuse,temp_email,sequential_cards",76.35326324333326,trial_abuse,381.3938029175911,organic_search,28,2,iPhone/iOS,True,141,3,1340
TRIAL_ABUSE_0007,TRIAL_ABUSER_007,Trial User7,trial7@guerrillamail.com,555-2135,"2919 Turner Courts Suite 943
South Jamesshire, MS 53443",West Carolineberg,Oregon,98531,192.168.1.107,trial,US,2025-06-17 00:59:07.603556,2025-06-17,00:59:07,StreamMax Pro,Streaming Service,0.0,visa,completed,00,Approved,1007,free_trial,True,"trial_abuse,temp_email,sequential_cards",81.32002220036317,trial_abuse,393.39890821326463,direct,5,2,Android Mobile,True,40,3,346
TRIAL_ABUSE_0008,TRIAL_ABUSER_008,Trial User8,trial8@guerrillamail.com,555-5252,"7656 Bates Common Apt. 530
Port Holly, CT 50923",Brittneyhaven,Hawaii,24075,192.168.1.108,trial,US,2025-06-17 02:59:07.603556,2025-06-17,02:59:07,StreamMax Pro,Streaming Service,0.0,visa,completed,00,Approved,1008,free_trial,True,"trial_abuse,temp_email,sequential_cards",80.87676462002997,trial_abuse,371.4107744502149,direct,11,1,Android Mobile,True,160,4,348
TRIAL_ABUSE_0009,TRIAL_ABUSER_009,Trial User9,trial9@10minutemail.com,555-9550,"8928 Fuller Square Suite 161
Paynefort, DC 01353",Traceystad,New York,77267,192.168.1.109,trial,US,2025-06-17 04:59:07.603556,2025-06-17,04:59:07,StreamMax Pro,Streaming Service,0.0,visa,completed,00,Approved,1009,free_trial,True,"trial_abuse,temp_email,sequential_cards",88.36694034174216,trial_abuse,55.52232090101961,organic_search,17,2,Windows PC,False,205,2,349
TRIAL_ABUSE_0010,TRIAL_ABUSER_010,Trial User10,trial10@guerrillamail.com,555-2677,"0179 Conner Mountains
Taylorchester, TX 79582",South Alyssa,New Mexico,89379,192.168.1.110,trial,US,2025-06-17 06:59:07.603556,2025-06-17,06:59:07,StreamMax Pro,Streaming Service,0.0,visa,completed,00,Approved,1010,free_trial,True,"trial_abuse,temp_email,sequential_cards",89.36327873299648,trial_abuse,111.24353400314159,organic_search,2,1,Mac OS,False,95,3,1660
TRIAL_ABUSE_0011,TRIAL_ABUSER_011,Trial User11,trial11@guerrillamail.com,555-4686,"6573 Peter Canyon Apt. 862
Rosschester, FM 19286",Port Michele,Virginia,46494,192.168.1.111,trial,US,2025-06-17 08:59:07.603556,2025-06-17,08:59:07,StreamMax Pro,Streaming Service,0.0,visa,completed,00,Approved,1011,free_trial,True,"trial_abuse,temp_email,sequential_cards",89.99328303387898,trial_abuse,77.18421796405748,paid_search,3,2,Android Mobile,True,155,4,1854
TRIAL_ABUSE_0012,TRIAL_ABUSER_012,Trial User12,trial12@tempmail.org,555-7934,"65996 Kennedy Skyway
Nelsonburgh, SC 86438",Ramirezview,Maryland,12280,192.168.1.112,trial,US,2025-06-17 10:59:07.603556,2025-06-17,10:59:07,StreamMax Pro,Streaming Service,0.0,visa,completed,00,Approved,1012,free_trial,True,"trial_abuse,temp_email,sequential_cards",86.72128004060107,trial_abuse,399.49316355368916,paid_search,9,2,Windows PC,False,195,3,993
TRIAL_ABUSE_0013,TRIAL_ABUSER_013,Trial User13,trial13@guerrillamail.com,555-9994,"81834 Joshua Hollow
Meadowsfort, DC 65736",Port Robinland,Nevada,52197,192.168.1.113,trial,US,2025-06-17 12:59:07.603556,2025-06-17,12:59:07,StreamMax Pro,Streaming Service,0.0,visa,completed,00,Approved,1013,free_trial,True,"trial_abuse,temp_email,sequential_cards",78.18773378824582,trial_abuse,91.93020278214948,direct,28,2,iPhone/iOS,True,51,3,1719
TRIAL_ABUSE_0014,TRIAL_ABUSER_014,Trial User14,trial14@10minutemail.com,555-1088,"132 Derrick Trail
Toniview, ID 07830",Fordtown,Montana,56736,192.168.1.114,trial,US,2025-06-17 14:59:07.603556,2025-06-17,14:59:07,StreamMax Pro,Streaming Service,0.0,visa,completed,00,Approved,1014,free_trial,True,"trial_abuse,temp_email,sequential_cards",88.56970717150467,trial_abuse,477.1753868542841,direct,15,2,Windows PC,False,46,1,980
