transaction_id,customer_id,card_number,transaction_date,transaction_time,amount,merchant_name,merchant_category,city,state,response_code,is_fraud
TXN_00000817,CUST_000303,0330,2025-01-13,19:34:04,27.98,Chevron,Gas Station,Orlando,FL,00,0
TXN_00000609,CUST_000459,1386,2025-01-14,02:13:04,359.0,Mall ATM,ATM,Allentown,PA,00,0
TXN_00000866,CUST_000113,5613,2025-01-14,04:16:04,45.44,Walmart.com,Online Retail,Greensboro,NC,00,0
TXN_00000696,CUST_000003,3972,2025-01-14,08:09:04,97.82,Concert Hall,Entertainment,Buffalo,NY,00,0
TXN_00000180,CUST_000103,5421,2025-01-14,17:43:04,302.56,Gas Station ATM,ATM,Houston,TX,00,0
TXN_00000279,CUST_000171,7702,2025-01-14,19:52:04,280.7,Hilton,Hotel,Greensboro,NC,00,0
TXN_00000002,CUST_000217,5594,2025-01-14,21:53:04,1959.67,Safeway,Grocery,Columbus,OH,61,1
TXN_00000451,CUST_000252,2522,2025-01-14,22:01:04,75.05,Walmart.com,Online Retail,Syracuse,NY,00,0
TXN_00000900,CUST_000241,0221,2025-01-15,10:35:04,57.47,eBay,Online Retail,Columbus,GA,00,0
TXN_00000476,CUST_000261,3068,2025-01-16,05:52:04,59.68,Walgreens,Pharmacy,Charlotte,NC,00,0
TXN_00000723,CUST_000378,1023,2025-01-16,15:09:04,25.5,BP,Gas Station,New York,NY,00,0
TXN_00000268,CUST_000114,3660,2025-01-17,00:35:04,878.23,Micro Center,Electronics,Columbus,OH,00,0
TXN_00000575,CUST_000350,9454,2025-01-17,01:00:04,32.71,Sears,Department Store,Peoria,IL,00,0
TXN_00000957,CUST_000284,5177,2025-01-17,01:14:04,305.94,Holiday Inn,Hotel,San Antonio,TX,00,0
TXN_00000319,CUST_000377,0600,2025-01-17,15:36:04,90.76,Hyatt,Hotel,Durham,NC,00,0
TXN_00000108,CUST_000479,9378,2025-01-18,00:44:04,46.98,Rite Aid,Pharmacy,Columbus,GA,00,0
TXN_00000089,CUST_000215,8385,2025-01-18,06:29:04,200.58,Hyatt,Hotel,San Antonio,TX,00,0
TXN_00000732,CUST_000214,9532,2025-01-18,06:32:04,58.41,Health Mart,Pharmacy,Tampa,FL,00,0
TXN_00000111,CUST_000358,8454,2025-01-18,09:01:04,199.06,Bank ATM,ATM,Toledo,OH,00,0
TXN_00000406,CUST_000331,6811,2025-01-18,14:17:04,90.33,Movie Theater,Entertainment,Atlanta,GA,00,0
TXN_00000977,CUST_000252,0173,2025-01-18,16:34:04,142.45,Convenience Store ATM,ATM,Cleveland,OH,00,0
TXN_00000495,CUST_000007,1851,2025-01-18,20:01:04,157.12,eBay,Online Retail,Sterling Heights,MI,00,0
TXN_00000494,CUST_000454,7618,2025-01-19,01:19:04,78.35,McDonald's,Restaurant,Toledo,OH,00,0
TXN_00000234,CUST_000180,8771,2025-01-19,05:16:04,157.53,Gas Station ATM,ATM,Dallas,TX,00,0
TXN_00000870,CUST_000360,7368,2025-01-19,07:59:04,53.33,McDonald's,Restaurant,Sacramento,CA,00,0
TXN_00000157,CUST_000001,2921,2025-01-19,08:39:04,96.45,Sports Arena,Entertainment,Erie,PA,00,0
TXN_00000182,CUST_000087,0100,2025-01-19,10:41:04,46.66,Chevron,Gas Station,Rochester,NY,00,0
TXN_00000718,CUST_000419,5515,2025-01-19,10:53:04,28.1,BP,Gas Station,Rockford,IL,00,0
TXN_00000862,CUST_000193,0762,2025-01-19,17:13:04,88.47,Concert Hall,Entertainment,Columbus,GA,00,0
TXN_00000861,CUST_000386,0168,2025-01-20,21:39:04,47.33,Amazon,Online Retail,Orlando,FL,00,0
TXN_00000506,CUST_000084,3034,2025-01-20,23:27:04,53.89,Mobil,Gas Station,Sterling Heights,MI,00,0
TXN_00000151,CUST_000232,0323,2025-01-21,05:03:04,349.42,Convenience Store ATM,ATM,Rochester,NY,00,0
TXN_00000669,CUST_000157,7026,2025-01-21,07:22:04,62.79,Whole Foods,Grocery,Grand Rapids,MI,00,0
TXN_00000589,CUST_000021,9678,2025-01-21,12:06:04,45.97,Pizza Hut,Restaurant,New York,NY,00,0
TXN_00000694,CUST_000254,7252,2025-01-21,13:08:04,41.31,Exxon,Gas Station,Cincinnati,OH,00,0
TXN_00000075,CUST_000121,5719,2025-01-21,20:13:04,53.53,Olive Garden,Restaurant,Allentown,PA,00,0
TXN_00000361,CUST_000042,1569,2025-01-22,01:04:04,50.79,Sports Arena,Entertainment,Los Angeles,CA,00,0
TXN_00000094,CUST_000291,8743,2025-01-22,16:28:04,29.75,Exxon,Gas Station,Augusta,GA,00,0
TXN_00000348,CUST_000286,9788,2025-01-22,17:20:04,597.3,Micro Center,Electronics,Houston,TX,00,0
TXN_00000844,CUST_000328,4951,2025-01-23,01:52:04,407.22,Credit Union ATM,ATM,New York,NY,00,0
TXN_00000613,CUST_000314,5184,2025-01-23,03:10:04,227.8,Target.com,Online Retail,Allentown,PA,00,0
TXN_00000591,CUST_000478,6334,2025-01-23,05:15:04,235.04,Hilton,Hotel,San Antonio,TX,00,0
TXN_00000176,CUST_000293,8241,2025-01-23,10:54:04,317.09,Hilton,Hotel,Raleigh,NC,00,0
TXN_00000256,CUST_000296,9060,2025-01-23,16:00:04,39.06,Sears,Department Store,Raleigh,NC,00,0
TXN_00000631,CUST_000191,6602,2025-01-23,18:29:04,214.11,Macy's,Department Store,Columbus,OH,00,0
TXN_00000567,CUST_000255,0389,2025-01-23,19:11:04,285.2,Bank ATM,ATM,Sacramento,CA,00,0
TXN_00000200,CUST_000166,5832,2025-01-23,21:08:04,80.76,Movie Theater,Entertainment,San Antonio,TX,00,0
TXN_00000598,CUST_000155,4111,2025-01-23,21:27:04,11.81,Theme Park,Entertainment,Raleigh,NC,00,0
TXN_00000751,CUST_000471,1618,2025-01-24,02:41:04,56.76,Movie Theater,Entertainment,Detroit,MI,00,0
TXN_00000558,CUST_000240,8681,2025-01-24,03:17:04,51.95,Starbucks,Restaurant,Warren,MI,00,0
TXN_00000202,CUST_000165,8877,2025-01-24,14:05:04,135.76,Kroger,Grocery,Orlando,FL,00,0
TXN_00000507,CUST_000048,5215,2025-01-24,17:29:04,68.48,Gas Station ATM,ATM,Houston,TX,00,0
TXN_00000488,CUST_000215,7688,2025-01-24,20:21:04,93.88,Target,Grocery,Austin,TX,00,0
TXN_00000272,CUST_000172,7421,2025-01-24,22:07:04,15.37,Starbucks,Restaurant,Chicago,IL,00,0
TXN_00000789,CUST_000489,9430,2025-01-25,01:09:04,71.53,BP,Gas Station,Rockford,IL,00,0
TXN_00000759,CUST_000115,2990,2025-01-25,01:20:04,197.34,Best Western,Hotel,Columbus,OH,00,0
TXN_00000181,CUST_000234,3260,2025-01-25,01:27:04,224.97,eBay,Online Retail,Dallas,TX,00,0
TXN_00000397,CUST_000294,8777,2025-01-25,05:39:04,24.38,Subway,Restaurant,Sterling Heights,MI,00,0
TXN_00000489,CUST_000407,6866,2025-01-25,10:12:04,287.96,Fry's Electronics,Electronics,San Francisco,CA,00,0
TXN_00000657,CUST_000353,5485,2025-01-25,13:33:04,115.53,Holiday Inn,Hotel,Houston,TX,00,0
TXN_00000911,CUST_000497,0096,2025-01-26,01:32:04,70.83,Subway,Restaurant,Greensboro,NC,00,0
TXN_00000190,CUST_000282,7751,2025-01-26,08:23:04,112.85,Marriott,Hotel,Columbus,OH,00,0
TXN_00000300,CUST_000205,2860,2025-01-26,21:38:04,114.04,Kohl's,Department Store,Philadelphia,PA,00,0
TXN_00000714,CUST_000173,6924,2025-01-26,22:22:04,787.42,Circuit City,Electronics,Grand Rapids,MI,00,0
TXN_00000940,CUST_000129,0785,2025-01-26,22:42:04,118.26,Subway,Restaurant,Raleigh,NC,00,0
TXN_00000367,CUST_000121,6465,2025-01-27,03:08:04,19.32,Olive Garden,Restaurant,Austin,TX,00,0
TXN_00000746,CUST_000331,1424,2025-01-27,03:22:04,118.5,Hilton,Hotel,Sacramento,CA,00,0
TXN_00000553,CUST_000207,5914,2025-01-27,04:17:04,844.18,Micro Center,Electronics,Los Angeles,CA,00,0
TXN_00000262,CUST_000484,3681,2025-01-27,06:50:04,52.67,Pharmacy Plus,Pharmacy,Charlotte,NC,00,0
TXN_00000549,CUST_000003,8214,2025-01-27,07:28:04,60.37,Starbucks,Restaurant,Rochester,NY,00,0
TXN_00000230,CUST_000217,8750,2025-01-27,09:00:04,63.12,Target,Grocery,Rochester,NY,00,0
TXN_00000464,CUST_000499,6301,2025-01-27,19:31:04,159.37,Walmart.com,Online Retail,Grand Rapids,MI,00,0
TXN_00000103,CUST_000149,8364,2025-01-27,20:41:04,152.48,Macy's,Department Store,Grand Rapids,MI,00,0
TXN_00000885,CUST_000396,2758,2025-01-28,03:04:04,34.77,Rite Aid,Pharmacy,Erie,PA,00,0
TXN_00000921,CUST_000277,9149,2025-01-28,16:25:04,387.01,Bank ATM,ATM,Buffalo,NY,00,0
TXN_00000787,CUST_000112,9545,2025-01-28,16:41:04,91.99,Whole Foods,Grocery,Columbus,GA,00,0
TXN_00000413,CUST_000155,6196,2025-01-29,06:12:04,241.56,Target.com,Online Retail,Detroit,MI,00,0
TXN_00000602,CUST_000211,4387,2025-01-29,07:25:04,38.17,Theme Park,Entertainment,Orlando,FL,00,0
TXN_00000798,CUST_000061,9376,2025-01-29,11:05:04,466.34,Bank ATM,ATM,Greensboro,NC,00,0
TXN_00000561,CUST_000059,7629,2025-01-29,11:25:04,27.61,Concert Hall,Entertainment,Columbus,GA,00,0
TXN_00000264,CUST_000450,1689,2025-01-29,12:25:04,91.1,Walmart.com,Online Retail,San Antonio,TX,00,0
TXN_00000578,CUST_000500,1871,2025-01-29,14:25:04,31.33,Movie Theater,Entertainment,Allentown,PA,00,0
TXN_00000790,CUST_000469,4988,2025-01-29,23:38:04,33.97,Rite Aid,Pharmacy,Warren,MI,00,0
TXN_00000385,CUST_000059,0842,2025-01-30,02:36:04,70.25,Bowling Alley,Entertainment,Sacramento,CA,00,0
TXN_00000472,CUST_000046,3611,2025-01-30,02:49:04,91.47,Olive Garden,Restaurant,Rockford,IL,00,0
TXN_00000467,CUST_000300,7510,2025-01-30,09:02:04,36.65,Olive Garden,Restaurant,Houston,TX,00,0
TXN_00000409,CUST_000382,8948,2025-01-30,10:17:04,380.12,Marriott,Hotel,San Diego,CA,00,0
TXN_00000606,CUST_000360,7921,2025-01-30,16:28:04,53.58,Health Mart,Pharmacy,Philadelphia,PA,00,0
TXN_00000914,CUST_000229,3881,2025-01-30,19:12:04,710.29,Fry's Electronics,Electronics,Pittsburgh,PA,00,0
TXN_00000539,CUST_000085,7240,2025-01-31,00:36:04,224.85,Hyatt,Hotel,Chicago,IL,00,0
TXN_00000344,CUST_000189,2669,2025-01-31,07:52:04,23.88,BP,Gas Station,Orlando,FL,00,0
TXN_00000204,CUST_000407,6650,2025-01-31,17:20:04,276.72,Bank ATM,ATM,Detroit,MI,00,0
TXN_00000662,CUST_000295,9600,2025-01-31,21:50:04,142.47,Best Buy Online,Online Retail,Springfield,IL,00,0
TXN_00000106,CUST_000390,3173,2025-01-31,23:00:04,506.13,Circuit City,Electronics,Orlando,FL,00,0
TXN_00000013,CUST_000260,8498,2025-02-01,02:22:04,6.97,Whole Foods,Grocery,Remote_AK,AK,61,1
TXN_00000976,CUST_000368,3394,2025-02-01,09:33:04,183.76,Sears,Department Store,Pittsburgh,PA,00,0
TXN_00000920,CUST_000205,8397,2025-02-01,10:08:04,49.39,Sports Arena,Entertainment,San Francisco,CA,00,0
TXN_00000152,CUST_000102,9667,2025-02-01,16:13:04,105.65,Safeway,Grocery,Austin,TX,00,0
TXN_00000850,CUST_000479,5376,2025-02-01,18:25:04,483.82,Mall ATM,ATM,Los Angeles,CA,00,0
TXN_00000942,CUST_000484,7763,2025-02-01,19:17:04,202.39,Best Buy Online,Online Retail,San Antonio,TX,00,0
TXN_00000804,CUST_000417,3884,2025-02-02,00:43:04,75.54,BP,Gas Station,Cincinnati,OH,00,0
TXN_00000162,CUST_000048,2015,2025-02-02,10:06:04,137.55,eBay,Online Retail,Greensboro,NC,00,0
TXN_00000661,CUST_000499,3164,2025-02-02,10:14:04,364.59,Best Western,Hotel,Austin,TX,00,0
TXN_00000725,CUST_000135,3269,2025-02-02,21:21:04,120.7,Sears,Department Store,Springfield,IL,00,0
TXN_00000938,CUST_000364,0801,2025-02-02,21:26:04,245.21,Hyatt,Hotel,Toledo,OH,00,0
TXN_00000503,CUST_000007,6570,2025-02-02,23:13:04,64.3,Macy's,Department Store,San Francisco,CA,00,0
TXN_00000739,CUST_000385,8137,2025-02-03,05:30:04,95.09,McDonald's,Restaurant,Springfield,IL,00,0
TXN_00000034,CUST_000456,0490,2025-02-03,11:11:04,1163.34,Pizza Hut,Restaurant,Springfield,IL,51,1
TXN_00000229,CUST_000253,9472,2025-02-03,13:51:04,45.81,Sports Arena,Entertainment,Grand Rapids,MI,00,0
TXN_00000308,CUST_000377,1847,2025-02-04,12:37:04,96.99,Theme Park,Entertainment,Los Angeles,CA,00,0
TXN_00000927,CUST_000110,3376,2025-02-05,01:13:04,36.12,Kroger,Grocery,Miami,FL,00,0
TXN_00000364,CUST_000135,5291,2025-02-05,06:21:04,70.92,Whole Foods,Grocery,Columbus,GA,00,0
TXN_00000146,CUST_000005,9738,2025-02-05,09:38:04,26.75,eBay,Online Retail,Columbus,OH,00,0
TXN_00000706,CUST_000255,0621,2025-02-05,10:03:04,46.16,BP,Gas Station,Erie,PA,00,0
TXN_00000600,CUST_000288,6581,2025-02-05,23:35:04,264.92,Hilton,Hotel,Sacramento,CA,00,0
TXN_00000982,CUST_000083,2158,2025-02-06,04:02:04,54.37,Mobil,Gas Station,Atlanta,GA,00,0
TXN_00000675,CUST_000425,8182,2025-02-06,23:38:04,113.54,Gas Station ATM,ATM,Miami,FL,00,0
TXN_00000824,CUST_000320,5736,2025-02-07,04:39:04,72.08,Movie Theater,Entertainment,Buffalo,NY,00,0
TXN_00000377,CUST_000369,7226,2025-02-07,06:51:04,68.28,Walmart,Grocery,Peoria,IL,00,0
TXN_00000473,CUST_000359,6258,2025-02-07,08:31:04,89.38,Bowling Alley,Entertainment,Toledo,OH,00,0
TXN_00000301,CUST_000182,6739,2025-02-07,09:49:04,117.79,Target.com,Online Retail,Austin,TX,00,0
TXN_00000845,CUST_000233,1373,2025-02-07,14:47:04,82.62,Pizza Hut,Restaurant,Miami,FL,00,0
TXN_00000599,CUST_000406,4731,2025-02-07,15:46:04,133.71,Sears,Department Store,Rockford,IL,00,0
TXN_00000420,CUST_000347,5289,2025-02-07,17:02:04,76.88,Bank ATM,ATM,Dallas,TX,00,0
TXN_00000010,CUST_000277,0260,2025-02-07,17:50:04,1677.69,Convenience Store ATM,ATM,Rockford,IL,61,1
TXN_00000903,CUST_000012,2946,2025-02-07,18:27:04,103.2,McDonald's,Restaurant,Grand Rapids,MI,00,0
TXN_00000032,CUST_000109,6797,2025-02-07,22:49:04,7.36,Macy's,Department Store,Atlanta,GA,14,1
TXN_00000208,CUST_000298,3577,2025-02-07,22:55:04,41.27,Health Mart,Pharmacy,Grand Rapids,MI,00,0
TXN_00000588,CUST_000085,9134,2025-02-08,03:27:04,36.72,McDonald's,Restaurant,Raleigh,NC,00,0
TXN_00000667,CUST_000485,4502,2025-02-08,03:32:04,180.26,eBay,Online Retail,Dallas,TX,00,0
TXN_00000117,CUST_000182,6183,2025-02-08,16:14:04,245.02,RadioShack,Electronics,Cleveland,OH,00,0
TXN_00000237,CUST_000080,8200,2025-02-09,00:48:04,52.53,Rite Aid,Pharmacy,Augusta,GA,00,0
TXN_00000242,CUST_000065,6475,2025-02-09,01:26:04,185.68,Marriott,Hotel,Houston,TX,00,0
TXN_00000520,CUST_000385,3378,2025-02-09,07:56:04,113.87,Bank ATM,ATM,Atlanta,GA,00,0
TXN_00000513,CUST_000375,9737,2025-02-09,18:20:04,47.27,Exxon,Gas Station,Raleigh,NC,00,0
TXN_00000796,CUST_000150,4281,2025-02-10,00:46:04,151.61,Hyatt,Hotel,Chicago,IL,00,0
TXN_00000252,CUST_000184,2897,2025-02-10,12:45:04,35.25,Rite Aid,Pharmacy,Allentown,PA,00,0
TXN_00000548,CUST_000475,7414,2025-02-10,16:40:04,15.73,Safeway,Grocery,Chicago,IL,00,0
TXN_00000482,CUST_000011,9067,2025-02-10,19:59:04,136.9,Nordstrom,Department Store,Cleveland,OH,00,0
TXN_00000168,CUST_000076,5646,2025-02-11,05:18:04,274.87,Hyatt,Hotel,San Francisco,CA,00,0
TXN_00000046,CUST_000455,6179,2025-02-11,05:24:04,4.33,Convenience Store ATM,ATM,Columbus,GA,14,1
TXN_00000525,CUST_000306,5361,2025-02-11,07:08:04,212.4,Marriott,Hotel,Atlanta,GA,00,0
TXN_00000818,CUST_000334,2155,2025-02-11,10:09:04,336.57,Mall ATM,ATM,Rockford,IL,00,0
TXN_00000709,CUST_000210,1306,2025-02-11,13:13:04,18.18,Whole Foods,Grocery,Columbus,OH,00,0
TXN_00000186,CUST_000389,1552,2025-02-11,20:03:04,44.02,Chevron,Gas Station,Augusta,GA,00,0
TXN_00000227,CUST_000196,3416,2025-02-12,00:13:04,35.5,CVS,Pharmacy,San Antonio,TX,00,0
TXN_00000851,CUST_000219,9106,2025-02-12,15:17:04,22.63,Pizza Hut,Restaurant,Miami,FL,00,0
TXN_00000761,CUST_000045,1296,2025-02-12,16:19:04,22.39,Mobil,Gas Station,Tampa,FL,00,0
TXN_00000484,CUST_000020,6684,2025-02-12,20:34:04,117.45,eBay,Online Retail,Atlanta,GA,00,0
TXN_00000754,CUST_000424,9456,2025-02-12,22:20:04,21.71,Walgreens,Pharmacy,Sterling Heights,MI,00,0
TXN_00000131,CUST_000416,0958,2025-02-12,23:22:04,148.53,Sears,Department Store,Allentown,PA,00,0
TXN_00000683,CUST_000298,0660,2025-02-12,23:32:04,74.7,Target.com,Online Retail,Philadelphia,PA,00,0
TXN_00000365,CUST_000105,3436,2025-02-12,23:54:04,98.21,Pizza Hut,Restaurant,San Diego,CA,00,0
TXN_00000826,CUST_000302,9830,2025-02-13,00:50:04,253.14,Holiday Inn,Hotel,Sacramento,CA,00,0
TXN_00000396,CUST_000192,4432,2025-02-13,03:28:04,119.14,Marriott,Hotel,Philadelphia,PA,00,0
TXN_00000660,CUST_000219,6085,2025-02-13,12:35:04,35.44,Theme Park,Entertainment,Philadelphia,PA,00,0
TXN_00000674,CUST_000336,1584,2025-02-13,15:26:04,45.59,Exxon,Gas Station,San Francisco,CA,00,0
TXN_00000769,CUST_000449,6749,2025-02-13,15:55:04,189.25,Hyatt,Hotel,Chicago,IL,00,0
TXN_00000069,CUST_000215,9324,2025-02-13,17:24:04,315.11,Bank ATM,ATM,Jacksonville,FL,00,0
TXN_00000392,CUST_000334,9893,2025-02-13,17:57:04,20.65,Rite Aid,Pharmacy,Grand Rapids,MI,00,0
TXN_00000346,CUST_000255,6952,2025-02-14,00:40:04,167.11,Sears,Department Store,Syracuse,NY,00,0
TXN_00000680,CUST_000313,7692,2025-02-14,09:56:04,151.88,Holiday Inn,Hotel,New York,NY,00,0
TXN_00000511,CUST_000021,9551,2025-02-14,10:40:04,236.04,Gas Station ATM,ATM,Los Angeles,CA,00,0
TXN_00000091,CUST_000279,7473,2025-02-14,10:52:04,99.56,Target.com,Online Retail,Greensboro,NC,00,0
TXN_00000987,CUST_000107,2135,2025-02-14,17:49:04,272.09,Amazon,Online Retail,Houston,TX,00,0
TXN_00000086,CUST_000192,0002,2025-02-14,19:34:04,33.56,Pharmacy Plus,Pharmacy,Dallas,TX,00,0
TXN_00000292,CUST_000190,6965,2025-02-15,01:12:04,203.15,Mall ATM,ATM,Raleigh,NC,00,0
TXN_00000960,CUST_000426,4072,2025-02-15,03:40:04,101.57,eBay,Online Retail,Savannah,GA,00,0
TXN_00000298,CUST_000436,9292,2025-02-15,08:13:04,338.51,Holiday Inn,Hotel,Springfield,IL,00,0
TXN_00000523,CUST_000324,0609,2025-02-15,08:16:04,79.9,McDonald's,Restaurant,Charlotte,NC,00,0
TXN_00000564,CUST_000052,4465,2025-02-15,08:28:04,78.09,BP,Gas Station,Buffalo,NY,00,0
TXN_00000608,CUST_000331,2033,2025-02-15,08:46:04,28.79,Mobil,Gas Station,San Antonio,TX,00,0
TXN_00000339,CUST_000353,0760,2025-02-15,14:18:04,34.02,Amazon,Online Retail,Charlotte,NC,00,0
TXN_00000989,CUST_000012,0298,2025-02-15,18:52:04,284.63,Amazon,Online Retail,San Diego,CA,00,0
TXN_00000384,CUST_000081,0054,2025-02-15,21:21:04,14.61,Walgreens,Pharmacy,Charlotte,NC,00,0
TXN_00000509,CUST_000185,2971,2025-02-16,02:27:04,117.28,Target,Grocery,Chicago,IL,00,0
TXN_00000965,CUST_000143,4813,2025-02-16,11:25:04,35.47,Shell,Gas Station,San Francisco,CA,00,0
TXN_00000570,CUST_000246,7458,2025-02-16,11:34:04,145.91,JCPenney,Department Store,Peoria,IL,00,0
TXN_00000395,CUST_000442,1961,2025-02-16,14:41:04,54.31,Exxon,Gas Station,San Francisco,CA,00,0
TXN_00000443,CUST_000330,3803,2025-02-17,00:29:04,264.99,Target.com,Online Retail,Greensboro,NC,00,0
TXN_00000085,CUST_000188,8416,2025-02-17,00:55:04,78.8,Theme Park,Entertainment,Chicago,IL,00,0
TXN_00000119,CUST_000486,2459,2025-02-17,01:09:04,111.4,Walmart.com,Online Retail,Cincinnati,OH,00,0
TXN_00000934,CUST_000498,9667,2025-02-17,01:42:04,176.9,Bank ATM,ATM,Cincinnati,OH,00,0
TXN_00000170,CUST_000227,7850,2025-02-17,01:56:04,15.91,Concert Hall,Entertainment,Durham,NC,00,0
TXN_00000897,CUST_000374,9788,2025-02-17,03:34:04,49.45,Bowling Alley,Entertainment,Orlando,FL,00,0
TXN_00000481,CUST_000381,8725,2025-02-17,04:35:04,368.48,Gas Station ATM,ATM,Cleveland,OH,00,0
TXN_00000551,CUST_000103,6128,2025-02-17,05:44:04,241.22,Holiday Inn,Hotel,Erie,PA,00,0
TXN_00000171,CUST_000292,5345,2025-02-17,09:05:04,207.02,Hyatt,Hotel,New York,NY,00,0
TXN_00000814,CUST_000486,1429,2025-02-17,18:15:04,17.38,Concert Hall,Entertainment,Dallas,TX,00,0
TXN_00000659,CUST_000403,5534,2025-02-17,19:04:04,194.48,Sears,Department Store,San Francisco,CA,00,0
TXN_00000535,CUST_000442,4010,2025-02-17,19:29:04,88.02,Macy's,Department Store,Sterling Heights,MI,00,0
TXN_00000138,CUST_000374,8999,2025-02-17,19:46:04,216.54,Macy's,Department Store,Springfield,IL,00,0
TXN_00000092,CUST_000380,6571,2025-02-17,19:48:04,116.27,McDonald's,Restaurant,San Antonio,TX,00,0
TXN_00000056,CUST_000168,8851,2025-02-18,00:27:04,229.39,Bank ATM,ATM,Atlanta,GA,00,0
TXN_00000118,CUST_000138,1543,2025-02-18,00:28:04,277.33,Hyatt,Hotel,Atlanta,GA,00,0
TXN_00000323,CUST_000277,6401,2025-02-18,02:24:04,29.88,Rite Aid,Pharmacy,Charlotte,NC,00,0
TXN_00000137,CUST_000417,5326,2025-02-18,04:58:04,1038.96,Micro Center,Electronics,New York,NY,00,0
TXN_00000639,CUST_000258,9715,2025-02-18,11:48:04,133.69,Whole Foods,Grocery,Cleveland,OH,00,0
TXN_00000294,CUST_000213,7653,2025-02-18,13:00:04,78.48,Pizza Hut,Restaurant,Sterling Heights,MI,00,0
TXN_00000668,CUST_000391,6228,2025-02-18,14:39:04,53.33,Starbucks,Restaurant,Buffalo,NY,00,0
TXN_00000337,CUST_000266,8338,2025-02-18,16:17:04,1022.98,RadioShack,Electronics,Charlotte,NC,00,0
TXN_00000515,CUST_000208,1654,2025-02-18,18:26:04,51.67,Starbucks,Restaurant,Toledo,OH,00,0
TXN_00000419,CUST_000100,4258,2025-02-19,01:37:04,78.9,eBay,Online Retail,Austin,TX,00,0
TXN_00000124,CUST_000176,5140,2025-02-19,03:28:04,70.95,Shell,Gas Station,Buffalo,NY,00,0
TXN_00000734,CUST_000399,8245,2025-02-19,04:03:04,273.53,Holiday Inn,Hotel,Raleigh,NC,00,0
TXN_00000707,CUST_000394,5425,2025-02-19,06:47:04,368.5,Hilton,Hotel,Sacramento,CA,00,0
TXN_00000693,CUST_000301,1862,2025-02-19,09:52:04,294.44,eBay,Online Retail,Dallas,TX,00,0
TXN_00000531,CUST_000005,1649,2025-02-20,02:16:04,84.8,Target.com,Online Retail,Greensboro,NC,00,0
TXN_00000327,CUST_000234,3105,2025-02-20,03:27:04,557.02,Circuit City,Electronics,Pittsburgh,PA,00,0
TXN_00000110,CUST_000259,8860,2025-02-20,16:22:04,111.11,Whole Foods,Grocery,Greensboro,NC,00,0
TXN_00000823,CUST_000394,4644,2025-02-20,16:29:04,773.17,Circuit City,Electronics,Warren,MI,00,0
TXN_00000925,CUST_000006,3648,2025-02-20,18:37:04,10.03,Concert Hall,Entertainment,Grand Rapids,MI,00,0
TXN_00000719,CUST_000405,9625,2025-02-20,20:08:04,142.95,JCPenney,Department Store,Charlotte,NC,00,0
TXN_00000626,CUST_000199,7151,2025-02-21,01:28:04,97.22,Bank ATM,ATM,San Antonio,TX,00,0
TXN_00000715,CUST_000240,1100,2025-02-21,05:29:04,129.36,Kroger,Grocery,Allentown,PA,00,0
TXN_00000677,CUST_000218,7524,2025-02-21,09:48:04,45.19,Walmart,Grocery,Greensboro,NC,00,0
TXN_00000499,CUST_000164,2152,2025-02-21,12:18:04,52.02,Pizza Hut,Restaurant,Columbus,GA,00,0
TXN_00000889,CUST_000067,2812,2025-02-21,15:09:04,59.73,Amazon,Online Retail,Grand Rapids,MI,00,0
TXN_00000355,CUST_000392,2493,2025-02-21,15:52:04,74.51,Credit Union ATM,ATM,Miami,FL,00,0
TXN_00000830,CUST_000223,7298,2025-02-22,05:15:04,1146.66,Circuit City,Electronics,Cleveland,OH,00,0
TXN_00000437,CUST_000092,4709,2025-02-22,06:31:04,118.14,Walmart,Grocery,Tampa,FL,00,0
TXN_00000711,CUST_000451,0642,2025-02-22,06:43:04,67.45,Safeway,Grocery,Raleigh,NC,00,0
TXN_00000670,CUST_000179,7290,2025-02-22,19:09:04,133.29,Kohl's,Department Store,Springfield,IL,00,0
TXN_00000654,CUST_000203,4347,2025-02-22,22:58:04,61.9,Nordstrom,Department Store,Allentown,PA,00,0
TXN_00000935,CUST_000405,9745,2025-02-23,17:01:04,239.85,eBay,Online Retail,Detroit,MI,00,0
TXN_00000304,CUST_000398,1739,2025-02-23,18:26:04,329.83,Credit Union ATM,ATM,Buffalo,NY,00,0
TXN_00000066,CUST_000310,4124,2025-02-23,23:00:04,127.15,Hyatt,Hotel,Columbus,OH,00,0
TXN_00000899,CUST_000373,1437,2025-02-23,23:04:04,72.43,Sears,Department Store,Grand Rapids,MI,00,0
TXN_00000496,CUST_000246,1841,2025-02-24,01:30:04,22.77,Theme Park,Entertainment,Miami,FL,00,0
TXN_00000640,CUST_000371,3977,2025-02-24,06:32:04,147.0,Target.com,Online Retail,Tampa,FL,00,0
TXN_00000370,CUST_000224,1215,2025-02-24,14:38:04,72.09,BP,Gas Station,Dallas,TX,00,0
TXN_00000530,CUST_000130,2562,2025-02-24,17:41:04,9.0,Walgreens,Pharmacy,Allentown,PA,00,0
TXN_00000529,CUST_000250,6639,2025-02-24,22:55:04,54.38,Rite Aid,Pharmacy,Syracuse,NY,00,0
TXN_00000780,CUST_000414,7852,2025-02-24,23:10:04,112.88,Olive Garden,Restaurant,Miami,FL,00,0
TXN_00000245,CUST_000062,1327,2025-02-25,00:46:04,40.31,Mobil,Gas Station,Los Angeles,CA,00,0
TXN_00000270,CUST_000314,9826,2025-02-25,05:27:04,236.43,Convenience Store ATM,ATM,San Antonio,TX,00,0
TXN_00000445,CUST_000126,4715,2025-02-25,15:21:04,100.53,Mall ATM,ATM,Columbus,GA,00,0
TXN_00000943,CUST_000445,0196,2025-02-25,16:21:04,95.11,Amazon,Online Retail,Miami,FL,00,0
TXN_00000217,CUST_000211,7991,2025-02-26,00:02:04,131.0,Walmart.com,Online Retail,New York,NY,00,0
TXN_00000044,CUST_000403,5171,2025-02-26,00:17:04,1586.33,Starbucks,Restaurant,Remote_WY,WY,00,1
TXN_00000643,CUST_000337,7734,2025-02-26,03:35:04,42.91,Rite Aid,Pharmacy,Erie,PA,00,0
TXN_00000457,CUST_000247,2564,2025-02-26,06:16:04,208.13,Best Buy Online,Online Retail,Buffalo,NY,00,0
TXN_00000368,CUST_000477,1502,2025-02-26,08:40:04,319.3,Holiday Inn,Hotel,Cincinnati,OH,00,0
TXN_00000841,CUST_000331,8631,2025-02-26,08:45:04,48.08,Nordstrom,Department Store,Sacramento,CA,00,0
TXN_00000869,CUST_000175,8285,2025-02-26,10:43:04,182.47,Bank ATM,ATM,Sterling Heights,MI,00,0
TXN_00000614,CUST_000484,2412,2025-02-26,10:55:04,168.17,Marriott,Hotel,Jacksonville,FL,00,0
TXN_00000164,CUST_000042,6256,2025-02-26,12:27:04,29.52,Walgreens,Pharmacy,Rockford,IL,00,0
TXN_00000604,CUST_000269,4485,2025-02-26,13:00:04,698.38,Fry's Electronics,Electronics,Dallas,TX,00,0
TXN_00000747,CUST_000045,1231,2025-02-26,16:16:04,34.35,Mall ATM,ATM,Columbus,GA,00,0
TXN_00000852,CUST_000460,1776,2025-02-26,22:25:04,65.91,Concert Hall,Entertainment,Greensboro,NC,00,0
TXN_00000758,CUST_000438,3773,2025-02-27,06:27:04,118.6,Safeway,Grocery,San Antonio,TX,00,0
TXN_00000985,CUST_000170,0283,2025-02-27,08:26:04,667.15,Fry's Electronics,Electronics,Tampa,FL,00,0
TXN_00000949,CUST_000264,0232,2025-02-27,09:04:04,18.82,Walmart,Grocery,Durham,NC,00,0
TXN_00000333,CUST_000364,4947,2025-02-27,09:38:04,30.21,Theme Park,Entertainment,San Francisco,CA,00,0
TXN_00000750,CUST_000191,1942,2025-02-27,10:34:04,40.5,Rite Aid,Pharmacy,Savannah,GA,00,0
TXN_00000615,CUST_000432,1971,2025-02-27,12:56:04,30.95,Shell,Gas Station,Buffalo,NY,00,0
TXN_00000441,CUST_000453,8389,2025-02-27,12:57:04,12.97,Target,Grocery,Rochester,NY,00,0
TXN_00000077,CUST_000045,5831,2025-02-27,14:37:04,90.1,eBay,Online Retail,Atlanta,GA,00,0
TXN_00000637,CUST_000399,5158,2025-02-27,21:58:04,45.3,Bowling Alley,Entertainment,Toledo,OH,00,0
TXN_00000030,CUST_000363,1094,2025-02-28,00:09:04,776.55,Best Western,Hotel,San Diego,CA,51,1
TXN_00000519,CUST_000192,4911,2025-02-28,06:36:04,58.98,Shell,Gas Station,Sterling Heights,MI,00,0
TXN_00000805,CUST_000103,4244,2025-02-28,09:50:04,454.86,Credit Union ATM,ATM,Tampa,FL,00,0
TXN_00000541,CUST_000272,1009,2025-02-28,11:26:04,44.49,JCPenney,Department Store,Rochester,NY,00,0
TXN_00000159,CUST_000486,9172,2025-02-28,15:09:04,18.09,CVS,Pharmacy,Pittsburgh,PA,00,0
TXN_00000577,CUST_000403,3102,2025-03-01,00:58:04,62.19,Theme Park,Entertainment,San Francisco,CA,00,0
TXN_00000956,CUST_000433,1265,2025-03-01,03:38:04,264.74,Hyatt,Hotel,San Antonio,TX,00,0
TXN_00000801,CUST_000395,8332,2025-03-01,05:11:04,20.04,Health Mart,Pharmacy,Cleveland,OH,00,0
TXN_00000444,CUST_000004,2983,2025-03-01,06:49:04,46.5,Target.com,Online Retail,Augusta,GA,00,0
TXN_00000586,CUST_000302,5728,2025-03-01,15:58:04,1136.48,Fry's Electronics,Electronics,Buffalo,NY,00,0
TXN_00000095,CUST_000173,1612,2025-03-01,16:56:04,48.98,Pizza Hut,Restaurant,Miami,FL,00,0
TXN_00000263,CUST_000495,6205,2025-03-01,22:41:04,39.39,Rite Aid,Pharmacy,Orlando,FL,00,0
TXN_00000266,CUST_000451,3122,2025-03-02,03:02:04,96.37,Whole Foods,Grocery,Grand Rapids,MI,00,0
TXN_00000995,CUST_000030,1158,2025-03-02,03:51:04,88.96,Best Western,Hotel,Peoria,IL,00,0
TXN_00000070,CUST_000044,6706,2025-03-02,13:51:04,46.1,Rite Aid,Pharmacy,Philadelphia,PA,00,0
TXN_00000563,CUST_000491,9821,2025-03-02,13:55:04,280.15,Best Western,Hotel,New York,NY,00,0
TXN_00000701,CUST_000457,4635,2025-03-02,18:28:04,84.14,Movie Theater,Entertainment,Cleveland,OH,00,0
TXN_00000240,CUST_000288,6389,2025-03-03,06:05:04,172.66,Nordstrom,Department Store,Greensboro,NC,00,0
TXN_00000036,CUST_000319,7109,2025-03-03,08:32:04,520.51,eBay,Online Retail,Remote_AK,AK,51,1
TXN_00000763,CUST_000245,2821,2025-03-03,13:39:04,396.76,Hyatt,Hotel,Buffalo,NY,00,0
TXN_00000102,CUST_000058,0790,2025-03-03,15:57:04,135.62,Amazon,Online Retail,Tampa,FL,00,0
TXN_00000224,CUST_000307,2146,2025-03-03,17:59:04,27.3,Pharmacy Plus,Pharmacy,Miami,FL,00,0
TXN_00000314,CUST_000049,3127,2025-03-03,19:42:04,131.12,Hilton,Hotel,Los Angeles,CA,00,0
TXN_00000607,CUST_000421,3192,2025-03-04,00:27:04,36.8,BP,Gas Station,Chicago,IL,00,0
TXN_00000199,CUST_000091,8422,2025-03-04,01:37:04,56.49,Fry's Electronics,Electronics,Savannah,GA,00,0
TXN_00000421,CUST_000356,8425,2025-03-04,09:33:04,198.1,Amazon,Online Retail,Springfield,IL,00,0
TXN_00000632,CUST_000156,6424,2025-03-04,10:25:04,64.42,Movie Theater,Entertainment,Austin,TX,00,0
TXN_00000673,CUST_000074,5396,2025-03-04,21:09:04,225.02,Hilton,Hotel,Rockford,IL,00,0
TXN_00000417,CUST_000466,9594,2025-03-04,22:49:04,97.89,Convenience Store ATM,ATM,Atlanta,GA,00,0
TXN_00000184,CUST_000399,7375,2025-03-05,11:21:04,28.51,Amazon,Online Retail,New York,NY,00,0
TXN_00000676,CUST_000182,8382,2025-03-05,15:56:04,10.51,Walgreens,Pharmacy,Dallas,TX,00,0
TXN_00000072,CUST_000478,5054,2025-03-05,17:29:04,46.22,Exxon,Gas Station,Toledo,OH,00,0
TXN_00000402,CUST_000306,5786,2025-03-05,23:57:04,21.73,Chevron,Gas Station,Miami,FL,00,0
TXN_00000197,CUST_000403,5719,2025-03-06,00:57:04,76.82,Concert Hall,Entertainment,Durham,NC,00,0
TXN_00000686,CUST_000363,1394,2025-03-06,01:03:04,36.66,Bowling Alley,Entertainment,Raleigh,NC,00,0
TXN_00000865,CUST_000046,8170,2025-03-06,06:23:04,211.46,eBay,Online Retail,Buffalo,NY,00,0
TXN_00000218,CUST_000466,0881,2025-03-06,09:04:04,59.56,Chevron,Gas Station,Detroit,MI,00,0
TXN_00000345,CUST_000207,5796,2025-03-06,12:03:04,169.25,Hyatt,Hotel,Atlanta,GA,00,0
TXN_00000135,CUST_000068,0643,2025-03-06,15:07:04,357.78,Bank ATM,ATM,San Francisco,CA,00,0
TXN_00000716,CUST_000491,5244,2025-03-06,15:18:04,29.59,Mobil,Gas Station,Dallas,TX,00,0
TXN_00000772,CUST_000339,3339,2025-03-06,18:06:04,914.49,RadioShack,Electronics,Greensboro,NC,00,0
TXN_00000623,CUST_000371,7863,2025-03-07,05:14:04,346.03,Best Western,Hotel,Miami,FL,00,0
TXN_00000285,CUST_000282,9587,2025-03-07,09:31:04,14.06,Target,Grocery,Los Angeles,CA,00,0
TXN_00000328,CUST_000018,1067,2025-03-07,09:54:04,112.42,Pizza Hut,Restaurant,Houston,TX,00,0
TXN_00000566,CUST_000376,1699,2025-03-07,10:01:04,48.73,Mobil,Gas Station,Austin,TX,00,0
TXN_00000666,CUST_000380,7481,2025-03-07,19:40:04,82.32,Marriott,Hotel,Toledo,OH,00,0
TXN_00000518,CUST_000296,7665,2025-03-07,22:52:04,28.42,Health Mart,Pharmacy,Philadelphia,PA,00,0
TXN_00000933,CUST_000128,0670,2025-03-08,05:29:04,93.18,Walmart,Grocery,Warren,MI,00,0
TXN_00000428,CUST_000437,5536,2025-03-08,06:37:04,386.16,Mall ATM,ATM,Greensboro,NC,00,0
TXN_00000380,CUST_000075,6012,2025-03-08,07:50:04,116.21,Pizza Hut,Restaurant,Atlanta,GA,00,0
TXN_00000799,CUST_000018,6277,2025-03-08,07:50:04,235.81,Convenience Store ATM,ATM,Erie,PA,00,0
TXN_00000435,CUST_000237,0412,2025-03-08,08:11:04,31.66,Pharmacy Plus,Pharmacy,New York,NY,00,0
TXN_00000487,CUST_000045,1189,2025-03-08,10:33:04,44.89,Rite Aid,Pharmacy,Tampa,FL,00,0
TXN_00000526,CUST_000193,0155,2025-03-08,13:35:04,272.0,Hyatt,Hotel,San Francisco,CA,00,0
TXN_00000261,CUST_000109,6980,2025-03-08,15:43:04,43.22,JCPenney,Department Store,Orlando,FL,00,0
TXN_00000678,CUST_000305,2669,2025-03-08,15:48:04,254.44,eBay,Online Retail,Buffalo,NY,00,0
TXN_00000373,CUST_000330,4236,2025-03-08,18:00:04,71.14,Shell,Gas Station,San Antonio,TX,00,0
TXN_00000391,CUST_000283,3468,2025-03-08,18:41:04,70.5,Shell,Gas Station,Peoria,IL,00,0
TXN_00000153,CUST_000144,6870,2025-03-08,21:26:04,42.98,Exxon,Gas Station,Cleveland,OH,00,0
TXN_00000816,CUST_000199,4439,2025-03-09,11:51:04,35.3,Chevron,Gas Station,Sterling Heights,MI,00,0
TXN_00000827,CUST_000170,5578,2025-03-10,06:05:04,92.58,McDonald's,Restaurant,Detroit,MI,00,0
TXN_00000757,CUST_000049,7496,2025-03-10,11:35:04,32.79,Movie Theater,Entertainment,Syracuse,NY,00,0
TXN_00000317,CUST_000092,2090,2025-03-10,11:38:04,54.44,JCPenney,Department Store,Columbus,GA,00,0
TXN_00000713,CUST_000292,6271,2025-03-10,14:21:04,37.03,Theme Park,Entertainment,Sterling Heights,MI,00,0
TXN_00000550,CUST_000478,4296,2025-03-10,17:39:04,12.65,Health Mart,Pharmacy,Orlando,FL,00,0
TXN_00000895,CUST_000202,9127,2025-03-10,22:00:04,554.62,RadioShack,Electronics,Dallas,TX,00,0
TXN_00000774,CUST_000313,9967,2025-03-10,23:38:04,52.6,eBay,Online Retail,Syracuse,NY,00,0
TXN_00000408,CUST_000496,1498,2025-03-10,23:40:04,256.57,Hilton,Hotel,Grand Rapids,MI,00,0
TXN_00000023,CUST_000140,9806,2025-03-11,03:23:04,625.92,RadioShack,Electronics,Cleveland,OH,05,1
TXN_00000505,CUST_000422,0563,2025-03-11,04:20:04,52.97,Macy's,Department Store,Allentown,PA,00,0
TXN_00000067,CUST_000179,5305,2025-03-11,07:05:04,67.48,Exxon,Gas Station,Houston,TX,00,0
TXN_00000647,CUST_000115,0833,2025-03-12,01:22:04,26.92,CVS,Pharmacy,Rochester,NY,00,0
TXN_00000145,CUST_000214,3806,2025-03-12,02:24:04,71.96,Chevron,Gas Station,Peoria,IL,00,0
TXN_00000688,CUST_000021,3732,2025-03-12,07:01:04,44.12,Kroger,Grocery,Sacramento,CA,00,0
TXN_00000542,CUST_000367,3549,2025-03-12,11:53:04,50.73,Macy's,Department Store,Durham,NC,00,0
TXN_00000710,CUST_000289,7379,2025-03-12,12:11:04,245.63,Nordstrom,Department Store,Columbus,GA,00,0
TXN_00000411,CUST_000491,7609,2025-03-12,14:36:04,18.59,Rite Aid,Pharmacy,Savannah,GA,00,0
TXN_00000730,CUST_000311,5794,2025-03-12,22:40:04,69.47,Starbucks,Restaurant,Savannah,GA,00,0
TXN_00000497,CUST_000076,1451,2025-03-13,05:33:04,186.1,Fry's Electronics,Electronics,New York,NY,00,0
TXN_00000813,CUST_000160,1604,2025-03-13,17:26:04,335.79,Bank ATM,ATM,Chicago,IL,00,0
TXN_00000825,CUST_000023,3335,2025-03-14,06:04:04,35.39,Shell,Gas Station,Sterling Heights,MI,00,0
TXN_00000601,CUST_000245,3793,2025-03-14,06:32:04,44.19,BP,Gas Station,Savannah,GA,00,0
TXN_00000147,CUST_000326,6702,2025-03-14,09:31:04,39.66,Macy's,Department Store,Jacksonville,FL,00,0
TXN_00000906,CUST_000143,9063,2025-03-14,09:40:04,105.3,Starbucks,Restaurant,Charlotte,NC,00,0
TXN_00000382,CUST_000271,1795,2025-03-14,14:12:04,86.66,Best Western,Hotel,Springfield,IL,00,0
TXN_00000773,CUST_000284,2199,2025-03-14,20:10:04,57.4,Kohl's,Department Store,Jacksonville,FL,00,0
TXN_00000919,CUST_000360,1708,2025-03-15,03:52:04,96.81,Bowling Alley,Entertainment,Charlotte,NC,00,0
TXN_00000198,CUST_000408,4397,2025-03-15,08:59:04,232.65,Best Buy Online,Online Retail,Raleigh,NC,00,0
TXN_00000951,CUST_000476,8235,2025-03-15,09:27:04,220.6,Kohl's,Department Store,Warren,MI,00,0
TXN_00000533,CUST_000146,8050,2025-03-15,10:10:04,25.71,Chevron,Gas Station,Cincinnati,OH,00,0
TXN_00000156,CUST_000413,7842,2025-03-15,10:29:04,108.88,Marriott,Hotel,Tampa,FL,00,0
TXN_00000572,CUST_000333,4104,2025-03-15,14:37:04,619.66,Micro Center,Electronics,Toledo,OH,00,0
TXN_00000295,CUST_000138,1971,2025-03-15,14:41:04,118.28,Olive Garden,Restaurant,Rockford,IL,00,0
TXN_00000442,CUST_000388,2630,2025-03-15,15:36:04,296.85,Target.com,Online Retail,Augusta,GA,00,0
TXN_00000740,CUST_000350,2285,2025-03-15,17:50:04,46.58,Pharmacy Plus,Pharmacy,Columbus,OH,00,0
TXN_00000172,CUST_000305,1406,2025-03-16,03:40:04,129.53,Target,Grocery,Tampa,FL,00,0
TXN_00000999,CUST_000368,8933,2025-03-16,03:58:04,100.74,Pizza Hut,Restaurant,Peoria,IL,00,0
TXN_00000981,CUST_000412,4770,2025-03-16,05:51:04,51.26,Circuit City,Electronics,Atlanta,GA,00,0
TXN_00000083,CUST_000137,3259,2025-03-16,06:16:04,46.97,Walgreens,Pharmacy,Columbus,GA,00,0
TXN_00000142,CUST_000223,2027,2025-03-16,19:08:04,33.45,Health Mart,Pharmacy,Springfield,IL,00,0
TXN_00000502,CUST_000115,1917,2025-03-16,23:01:04,84.71,Circuit City,Electronics,Pittsburgh,PA,00,0
TXN_00000356,CUST_000249,4482,2025-03-17,01:38:04,119.51,Safeway,Grocery,Los Angeles,CA,00,0
TXN_00000782,CUST_000364,4787,2025-03-17,06:20:04,279.91,Gas Station ATM,ATM,Toledo,OH,00,0
TXN_00000125,CUST_000283,6609,2025-03-17,08:20:04,187.86,Walmart.com,Online Retail,Columbus,OH,00,0
TXN_00000310,CUST_000067,1117,2025-03-17,14:50:04,303.66,RadioShack,Electronics,Jacksonville,FL,00,0
TXN_00000512,CUST_000288,3671,2025-03-17,15:01:04,30.77,Pharmacy Plus,Pharmacy,Durham,NC,00,0
TXN_00000076,CUST_000377,3947,2025-03-17,19:10:04,62.33,Amazon,Online Retail,Syracuse,NY,00,0
TXN_00000902,CUST_000319,8027,2025-03-17,23:08:04,52.8,Sears,Department Store,Springfield,IL,00,0
TXN_00000672,CUST_000095,5652,2025-03-17,23:25:04,910.13,Best Buy,Electronics,Columbus,OH,00,0
TXN_00000917,CUST_000090,9197,2025-03-18,00:02:04,109.61,Walmart,Grocery,Springfield,IL,00,0
TXN_00000016,CUST_000404,3303,2025-03-18,00:19:04,1.62,Convenience Store ATM,ATM,Peoria,IL,51,1
TXN_00000733,CUST_000241,8779,2025-03-18,07:45:04,128.89,Macy's,Department Store,Orlando,FL,00,0
TXN_00000012,CUST_000021,5346,2025-03-18,10:47:04,1893.53,Subway,Restaurant,New York,NY,61,1
TXN_00000764,CUST_000212,0356,2025-03-18,12:57:04,347.64,Hyatt,Hotel,Tampa,FL,00,0
TXN_00000990,CUST_000421,3167,2025-03-18,15:43:04,17.82,Whole Foods,Grocery,Cincinnati,OH,00,0
TXN_00000770,CUST_000417,9489,2025-03-18,19:33:04,147.54,Credit Union ATM,ATM,Toledo,OH,00,0
TXN_00000948,CUST_000068,9121,2025-03-18,21:26:04,12.71,Theme Park,Entertainment,Dallas,TX,00,0
TXN_00000785,CUST_000239,1450,2025-03-19,07:34:04,55.02,Pharmacy Plus,Pharmacy,Columbus,OH,00,0
TXN_00000612,CUST_000007,0907,2025-03-19,09:07:04,613.85,Micro Center,Electronics,Atlanta,GA,00,0
TXN_00000360,CUST_000159,4134,2025-03-19,09:33:04,276.87,eBay,Online Retail,Erie,PA,00,0
TXN_00000928,CUST_000262,2419,2025-03-20,02:44:04,39.07,Chevron,Gas Station,San Francisco,CA,00,0
TXN_00000635,CUST_000339,4457,2025-03-20,04:11:04,129.89,Marriott,Hotel,Grand Rapids,MI,00,0
TXN_00000752,CUST_000483,8639,2025-03-20,09:51:04,42.83,Pharmacy Plus,Pharmacy,Buffalo,NY,00,0
TXN_00000193,CUST_000097,9177,2025-03-20,11:21:04,204.83,RadioShack,Electronics,Atlanta,GA,00,0
TXN_00000964,CUST_000335,9876,2025-03-20,15:02:04,709.05,RadioShack,Electronics,Cincinnati,OH,00,0
TXN_00000923,CUST_000298,7488,2025-03-20,18:59:04,223.79,Best Buy Online,Online Retail,Philadelphia,PA,00,0
TXN_00000239,CUST_000006,7406,2025-03-20,20:28:04,80.87,Sears,Department Store,San Diego,CA,00,0
TXN_00000096,CUST_000229,0174,2025-03-21,04:24:04,87.04,Pizza Hut,Restaurant,Chicago,IL,00,0
TXN_00000221,CUST_000290,2588,2025-03-21,09:36:04,396.32,Holiday Inn,Hotel,Warren,MI,00,0
TXN_00000576,CUST_000237,6091,2025-03-21,21:37:04,151.32,Sears,Department Store,Syracuse,NY,00,0
TXN_00000366,CUST_000231,6366,2025-03-21,23:48:04,134.01,Fry's Electronics,Electronics,Charlotte,NC,00,0
TXN_00000334,CUST_000428,4719,2025-03-22,01:49:04,31.43,Health Mart,Pharmacy,Cincinnati,OH,00,0
TXN_00000255,CUST_000299,1572,2025-03-22,04:05:04,342.24,Hyatt,Hotel,Rochester,NY,00,0
TXN_00000369,CUST_000390,7032,2025-03-22,12:02:04,35.64,Target,Grocery,Augusta,GA,00,0
TXN_00000547,CUST_000455,8591,2025-03-22,13:31:04,292.0,Mall ATM,ATM,Allentown,PA,00,0
TXN_00000351,CUST_000241,7135,2025-03-22,16:53:04,339.67,Hyatt,Hotel,Pittsburgh,PA,00,0
TXN_00000493,CUST_000323,7272,2025-03-22,22:46:04,74.81,Starbucks,Restaurant,Austin,TX,00,0
TXN_00000528,CUST_000103,3423,2025-03-23,00:39:04,52.64,Kohl's,Department Store,Warren,MI,00,0
TXN_00000243,CUST_000279,7303,2025-03-23,04:13:04,246.76,Marriott,Hotel,Jacksonville,FL,00,0
TXN_00000926,CUST_000273,2879,2025-03-23,09:34:04,538.65,Best Buy,Electronics,Detroit,MI,00,0
TXN_00000403,CUST_000346,8325,2025-03-23,09:46:04,80.38,Concert Hall,Entertainment,Durham,NC,00,0
TXN_00000633,CUST_000107,3305,2025-03-23,16:35:04,193.13,Amazon,Online Retail,Sterling Heights,MI,00,0
TXN_00000004,CUST_000286,3953,2025-03-24,04:53:04,1464.28,Best Western,Hotel,Remote_VT,VT,61,1
TXN_00000536,CUST_000474,7188,2025-03-24,14:19:04,156.43,Target.com,Online Retail,Augusta,GA,00,0
TXN_00000679,CUST_000206,1848,2025-03-24,21:06:04,48.27,Mobil,Gas Station,Augusta,GA,00,0
TXN_00000534,CUST_000178,7715,2025-03-25,02:57:04,83.68,Best Buy,Electronics,Los Angeles,CA,00,0
TXN_00000169,CUST_000317,5054,2025-03-25,04:18:04,215.43,Nordstrom,Department Store,Buffalo,NY,00,0
TXN_00000195,CUST_000497,5833,2025-03-25,04:30:04,221.46,Target.com,Online Retail,Pittsburgh,PA,00,0
TXN_00000475,CUST_000483,3129,2025-03-25,05:42:04,114.08,Walmart,Grocery,Durham,NC,00,0
TXN_00000466,CUST_000049,5182,2025-03-25,14:56:04,209.02,Bank ATM,ATM,Durham,NC,00,0
TXN_00000155,CUST_000242,8039,2025-03-25,18:00:04,468.9,Convenience Store ATM,ATM,Dallas,TX,00,0
TXN_00000470,CUST_000319,1462,2025-03-25,20:55:04,16.35,Concert Hall,Entertainment,Springfield,IL,00,0
TXN_00000843,CUST_000295,8245,2025-03-26,01:41:04,79.06,Pizza Hut,Restaurant,San Diego,CA,00,0
TXN_00000592,CUST_000326,3206,2025-03-26,20:21:04,113.66,Sears,Department Store,Grand Rapids,MI,00,0
TXN_00000737,CUST_000066,5680,2025-03-26,21:46:04,209.86,Convenience Store ATM,ATM,Philadelphia,PA,00,0
TXN_00000107,CUST_000274,5355,2025-03-27,04:38:04,290.01,Bank ATM,ATM,Tampa,FL,00,0
TXN_00000038,CUST_000429,8867,2025-03-27,05:28:04,858.21,Walgreens,Pharmacy,Cleveland,OH,51,1
TXN_00000220,CUST_000279,0635,2025-03-27,12:05:04,71.16,Convenience Store ATM,ATM,Cincinnati,OH,00,0
TXN_00000978,CUST_000276,4511,2025-03-27,19:38:04,89.98,Walmart,Grocery,Columbus,OH,00,0
TXN_00000836,CUST_000467,7086,2025-03-28,07:42:04,94.13,Marriott,Hotel,Los Angeles,CA,00,0
TXN_00000068,CUST_000426,2898,2025-03-28,07:53:04,392.56,Bank ATM,ATM,Orlando,FL,00,0
TXN_00000052,CUST_000181,8514,2025-03-28,11:28:04,978.3,Circuit City,Electronics,Charlotte,NC,00,0
TXN_00000703,CUST_000124,9394,2025-03-28,17:06:04,360.88,Gas Station ATM,ATM,Springfield,IL,00,0
TXN_00000478,CUST_000151,7970,2025-03-29,01:39:04,38.85,CVS,Pharmacy,Allentown,PA,00,0
TXN_00000795,CUST_000352,9109,2025-03-29,03:52:04,120.54,Target,Grocery,Toledo,OH,00,0
TXN_00000684,CUST_000015,5742,2025-03-29,06:00:04,236.97,Target.com,Online Retail,Greensboro,NC,00,0
TXN_00000376,CUST_000041,9081,2025-03-29,06:36:04,25.07,Whole Foods,Grocery,Toledo,OH,00,0
TXN_00000605,CUST_000105,2287,2025-03-29,08:52:04,68.28,Kroger,Grocery,San Antonio,TX,00,0
TXN_00000132,CUST_000488,2536,2025-03-29,10:26:04,264.78,Hilton,Hotel,Rockford,IL,00,0
TXN_00000842,CUST_000081,8243,2025-03-29,12:33:04,75.78,Walmart,Grocery,Rockford,IL,00,0
TXN_00000700,CUST_000207,7964,2025-03-29,12:36:04,326.67,Holiday Inn,Hotel,Los Angeles,CA,00,0
TXN_00000853,CUST_000060,3788,2025-03-29,15:11:04,19.84,Pizza Hut,Restaurant,Orlando,FL,00,0
TXN_00000120,CUST_000325,9398,2025-03-29,15:53:04,17.83,Olive Garden,Restaurant,Savannah,GA,00,0
TXN_00000041,CUST_000221,9693,2025-03-30,03:32:04,5.15,Hyatt,Hotel,Remote_AK,AK,51,1
TXN_00000958,CUST_000095,6264,2025-03-30,04:47:04,29.8,Starbucks,Restaurant,Augusta,GA,00,0
TXN_00000405,CUST_000358,5474,2025-03-30,18:34:04,118.95,Best Buy Online,Online Retail,Augusta,GA,00,0
TXN_00000762,CUST_000360,9804,2025-03-30,20:56:04,111.68,Subway,Restaurant,Savannah,GA,00,0
TXN_00000114,CUST_000124,0163,2025-03-30,21:45:04,56.31,Exxon,Gas Station,Sterling Heights,MI,00,0
TXN_00000587,CUST_000025,5220,2025-03-31,07:30:04,167.76,Walmart.com,Online Retail,Warren,MI,00,0
TXN_00000463,CUST_000084,0591,2025-04-01,06:50:04,114.79,Pizza Hut,Restaurant,Cleveland,OH,00,0
TXN_00000882,CUST_000151,9367,2025-04-01,18:29:04,31.43,Movie Theater,Entertainment,Toledo,OH,00,0
TXN_00000007,CUST_000124,8248,2025-04-01,23:12:04,1893.37,Micro Center,Electronics,Remote_MT,MT,51,1
TXN_00000867,CUST_000026,1644,2025-04-02,00:46:04,73.24,Target,Grocery,Chicago,IL,00,0
TXN_00000401,CUST_000087,5265,2025-04-02,05:52:04,237.15,Kohl's,Department Store,New York,NY,00,0
TXN_00000150,CUST_000437,1356,2025-04-02,06:25:04,70.95,Movie Theater,Entertainment,Springfield,IL,00,0
TXN_00000543,CUST_000088,6502,2025-04-02,14:24:04,67.56,Macy's,Department Store,San Diego,CA,00,0
TXN_00000941,CUST_000344,6445,2025-04-02,20:16:04,104.48,Kohl's,Department Store,Dallas,TX,00,0
TXN_00001000,CUST_000415,0817,2025-04-02,22:54:04,92.78,Sports Arena,Entertainment,Houston,TX,00,0
TXN_00000811,CUST_000218,4561,2025-04-03,10:01:04,16.76,Sports Arena,Entertainment,Peoria,IL,00,0
TXN_00000265,CUST_000230,8262,2025-04-03,11:30:04,415.12,Circuit City,Electronics,Charlotte,NC,00,0
TXN_00000963,CUST_000042,0716,2025-04-03,21:36:04,832.56,Fry's Electronics,Electronics,Sacramento,CA,00,0
TXN_00000228,CUST_000458,3333,2025-04-04,03:22:04,229.39,Fry's Electronics,Electronics,New York,NY,00,0
TXN_00000389,CUST_000085,6684,2025-04-04,04:58:04,5.43,Rite Aid,Pharmacy,Springfield,IL,00,0
TXN_00000655,CUST_000218,7403,2025-04-04,06:28:04,106.07,Best Buy Online,Online Retail,Philadelphia,PA,00,0
TXN_00000803,CUST_000231,8303,2025-04-04,10:23:04,207.03,Hilton,Hotel,Columbus,OH,00,0
TXN_00000057,CUST_000294,7516,2025-04-04,10:36:04,46.14,BP,Gas Station,Columbus,OH,00,0
TXN_00000357,CUST_000444,8189,2025-04-04,11:28:04,54.68,Sports Arena,Entertainment,Buffalo,NY,00,0
TXN_00000883,CUST_000492,7698,2025-04-04,17:10:04,51.42,Mobil,Gas Station,Charlotte,NC,00,0
TXN_00000425,CUST_000013,8814,2025-04-05,00:33:04,57.61,Amazon,Online Retail,Philadelphia,PA,00,0
TXN_00000149,CUST_000120,7561,2025-04-05,06:26:04,96.82,Sports Arena,Entertainment,Jacksonville,FL,00,0
TXN_00000876,CUST_000101,5040,2025-04-05,08:45:04,25.95,Pharmacy Plus,Pharmacy,Warren,MI,00,0
TXN_00000616,CUST_000495,3240,2025-04-05,10:49:04,105.44,Convenience Store ATM,ATM,Austin,TX,00,0
TXN_00000024,CUST_000168,0531,2025-04-06,01:38:04,799.04,Walmart,Grocery,Remote_WY,WY,00,1
TXN_00000838,CUST_000026,0633,2025-04-06,03:51:04,430.89,Gas Station ATM,ATM,Durham,NC,00,0
TXN_00000019,CUST_000227,1343,2025-04-06,05:37:04,3.2,eBay,Online Retail,Atlanta,GA,61,1
TXN_00000249,CUST_000165,1731,2025-04-06,05:50:04,99.85,Whole Foods,Grocery,Toledo,OH,00,0
TXN_00000656,CUST_000196,1132,2025-04-06,05:59:04,56.78,Pharmacy Plus,Pharmacy,Sterling Heights,MI,00,0
TXN_00000834,CUST_000349,5291,2025-04-06,06:19:04,48.85,BP,Gas Station,Syracuse,NY,00,0
TXN_00000671,CUST_000188,2231,2025-04-06,13:43:04,36.94,Chevron,Gas Station,Detroit,MI,00,0
TXN_00000537,CUST_000116,1703,2025-04-06,15:39:04,75.54,Target,Grocery,Cleveland,OH,00,0
TXN_00000115,CUST_000140,6194,2025-04-06,16:49:04,47.56,Amazon,Online Retail,San Antonio,TX,00,0
TXN_00000492,CUST_000418,1649,2025-04-06,17:49:04,83.52,Concert Hall,Entertainment,Orlando,FL,00,0
TXN_00000892,CUST_000047,2717,2025-04-06,20:48:04,63.0,McDonald's,Restaurant,Tampa,FL,00,0
TXN_00000781,CUST_000140,7223,2025-04-06,21:58:04,709.94,Fry's Electronics,Electronics,Rockford,IL,00,0
TXN_00000257,CUST_000114,6462,2025-04-07,08:53:04,23.67,Subway,Restaurant,Detroit,MI,00,0
TXN_00000290,CUST_000421,5701,2025-04-07,09:15:04,269.0,eBay,Online Retail,San Francisco,CA,00,0
TXN_00000429,CUST_000291,6361,2025-04-07,10:10:04,26.95,Theme Park,Entertainment,Rochester,NY,00,0
TXN_00000087,CUST_000084,9470,2025-04-07,11:29:04,42.06,Rite Aid,Pharmacy,Cincinnati,OH,00,0
TXN_00000858,CUST_000309,6129,2025-04-07,13:51:04,442.54,Micro Center,Electronics,Raleigh,NC,00,0
TXN_00000658,CUST_000423,3598,2025-04-07,15:35:04,146.83,Sears,Department Store,Chicago,IL,00,0
TXN_00000522,CUST_000221,2626,2025-04-08,21:45:04,13.71,Health Mart,Pharmacy,Miami,FL,00,0
TXN_00000309,CUST_000404,3102,2025-04-09,17:30:04,230.79,Marriott,Hotel,Detroit,MI,00,0
TXN_00000794,CUST_000168,6712,2025-04-09,21:47:04,75.97,Walmart,Grocery,San Francisco,CA,00,0
TXN_00000311,CUST_000206,2511,2025-04-10,15:52:04,196.66,JCPenney,Department Store,Austin,TX,00,0
TXN_00000412,CUST_000171,1100,2025-04-10,18:01:04,447.24,Convenience Store ATM,ATM,Buffalo,NY,00,0
TXN_00000652,CUST_000288,7722,2025-04-11,00:52:04,60.38,Chevron,Gas Station,Syracuse,NY,00,0
TXN_00000907,CUST_000488,9567,2025-04-11,02:25:04,473.85,Micro Center,Electronics,Chicago,IL,00,0
TXN_00000064,CUST_000116,5929,2025-04-11,07:21:04,97.88,Credit Union ATM,ATM,Grand Rapids,MI,00,0
TXN_00000653,CUST_000276,8714,2025-04-11,12:52:04,706.66,Circuit City,Electronics,Austin,TX,00,0
TXN_00000459,CUST_000480,4098,2025-04-11,15:46:04,294.46,Walmart.com,Online Retail,Allentown,PA,00,0
TXN_00000071,CUST_000337,7722,2025-04-11,23:55:04,22.22,Chevron,Gas Station,Miami,FL,00,0
TXN_00000100,CUST_000278,5676,2025-04-12,14:13:04,347.71,Bank ATM,ATM,Raleigh,NC,00,0
TXN_00000768,CUST_000423,2435,2025-04-13,01:21:04,38.9,Bowling Alley,Entertainment,Savannah,GA,00,0
TXN_00000063,CUST_000358,8168,2025-04-13,01:50:04,24.94,CVS,Pharmacy,Dallas,TX,00,0
TXN_00000127,CUST_000235,3412,2025-04-13,04:03:04,33.1,Walgreens,Pharmacy,Cleveland,OH,00,0
TXN_00000456,CUST_000483,8027,2025-04-13,06:08:04,69.94,Exxon,Gas Station,Durham,NC,00,0
TXN_00000521,CUST_000465,6306,2025-04-13,06:35:04,13.67,Walmart,Grocery,Allentown,PA,00,0
TXN_00000479,CUST_000180,8826,2025-04-13,19:09:04,20.41,Chevron,Gas Station,Springfield,IL,00,0
TXN_00000341,CUST_000257,3342,2025-04-13,22:03:04,97.62,Movie Theater,Entertainment,Buffalo,NY,00,0
TXN_00000407,CUST_000308,0304,2025-04-14,05:01:04,9.95,Walgreens,Pharmacy,Warren,MI,00,0
TXN_00000552,CUST_000216,4398,2025-04-14,05:38:04,39.15,Walgreens,Pharmacy,Warren,MI,00,0
TXN_00000060,CUST_000159,9867,2025-04-14,08:13:04,1147.37,RadioShack,Electronics,Sacramento,CA,00,0
TXN_00000966,CUST_000313,4835,2025-04-14,09:51:04,70.64,Pizza Hut,Restaurant,Cincinnati,OH,00,0
TXN_00000699,CUST_000472,8868,2025-04-14,18:07:04,113.09,Best Buy Online,Online Retail,Savannah,GA,00,0
TXN_00000979,CUST_000327,1667,2025-04-14,23:09:04,194.47,eBay,Online Retail,San Diego,CA,00,0
TXN_00000350,CUST_000029,5208,2025-04-15,05:31:04,30.35,CVS,Pharmacy,Toledo,OH,00,0
TXN_00000905,CUST_000277,0270,2025-04-15,09:29:04,193.67,Bank ATM,ATM,San Antonio,TX,00,0
TXN_00000246,CUST_000360,3065,2025-04-15,12:18:04,109.36,Subway,Restaurant,Columbus,GA,00,0
TXN_00000630,CUST_000273,6457,2025-04-15,15:11:04,1106.59,Circuit City,Electronics,Durham,NC,00,0
TXN_00000806,CUST_000478,3142,2025-04-15,19:57:04,40.25,Chevron,Gas Station,Durham,NC,00,0
TXN_00000625,CUST_000422,0346,2025-04-16,02:41:04,43.04,Exxon,Gas Station,San Antonio,TX,00,0
TXN_00000003,CUST_000361,7525,2025-04-16,03:21:04,1552.73,Walgreens,Pharmacy,Buffalo,NY,05,1
TXN_00000597,CUST_000081,8300,2025-04-16,09:21:04,24.35,Whole Foods,Grocery,Toledo,OH,00,0
TXN_00000078,CUST_000189,8669,2025-04-16,09:45:04,78.34,BP,Gas Station,Syracuse,NY,00,0
TXN_00000231,CUST_000133,2763,2025-04-16,12:04:04,195.24,Convenience Store ATM,ATM,Cincinnati,OH,00,0
TXN_00000629,CUST_000307,4560,2025-04-16,18:05:04,175.26,Holiday Inn,Hotel,Los Angeles,CA,00,0
TXN_00000886,CUST_000365,6502,2025-04-17,02:59:04,16.0,Walmart,Grocery,Peoria,IL,00,0
TXN_00000062,CUST_000145,8644,2025-04-17,04:07:04,433.37,Circuit City,Electronics,Grand Rapids,MI,00,0
TXN_00000140,CUST_000089,0684,2025-04-17,09:52:04,48.12,Theme Park,Entertainment,Columbus,OH,00,0
TXN_00000144,CUST_000396,0756,2025-04-17,21:25:04,112.77,Starbucks,Restaurant,Sacramento,CA,00,0
TXN_00000766,CUST_000144,7698,2025-04-18,00:34:04,810.16,RadioShack,Electronics,Grand Rapids,MI,00,0
TXN_00000047,CUST_000331,9005,2025-04-18,01:06:04,807.81,eBay,Online Retail,Raleigh,NC,05,1
TXN_00000908,CUST_000347,2476,2025-04-18,06:46:04,16.18,Walmart,Grocery,Los Angeles,CA,00,0
TXN_00000557,CUST_000201,1960,2025-04-18,13:26:04,89.2,Fry's Electronics,Electronics,Sterling Heights,MI,00,0
TXN_00000776,CUST_000040,4343,2025-04-18,20:54:04,441.31,Gas Station ATM,ATM,San Francisco,CA,00,0
TXN_00000143,CUST_000400,9177,2025-04-18,20:56:04,14.99,Sports Arena,Entertainment,Grand Rapids,MI,00,0
TXN_00000438,CUST_000047,2206,2025-04-18,23:21:04,83.41,Movie Theater,Entertainment,Pittsburgh,PA,00,0
TXN_00000471,CUST_000332,9314,2025-04-19,10:51:04,26.6,Mobil,Gas Station,Durham,NC,00,0
TXN_00000372,CUST_000488,9050,2025-04-19,11:08:04,423.65,Micro Center,Electronics,Grand Rapids,MI,00,0
TXN_00000214,CUST_000208,2318,2025-04-19,23:42:04,63.05,JCPenney,Department Store,Austin,TX,00,0
TXN_00000161,CUST_000193,0541,2025-04-20,03:43:04,30.21,Exxon,Gas Station,Cleveland,OH,00,0
TXN_00000054,CUST_000175,2901,2025-04-20,05:38:04,175.63,Kohl's,Department Store,Columbus,GA,00,0
TXN_00000133,CUST_000325,0175,2025-04-20,06:13:04,43.86,Mobil,Gas Station,Cleveland,OH,00,0
TXN_00000393,CUST_000127,6611,2025-04-20,08:56:04,134.39,Safeway,Grocery,Savannah,GA,00,0
TXN_00000568,CUST_000221,3560,2025-04-20,14:17:04,50.3,eBay,Online Retail,San Francisco,CA,00,0
TXN_00000756,CUST_000389,6539,2025-04-20,17:40:04,183.32,Marriott,Hotel,Durham,NC,00,0
TXN_00000708,CUST_000259,3984,2025-04-20,20:27:04,22.9,Concert Hall,Entertainment,Philadelphia,PA,00,0
TXN_00000784,CUST_000192,9246,2025-04-21,04:28:04,29.5,eBay,Online Retail,Jacksonville,FL,00,0
TXN_00000286,CUST_000219,3817,2025-04-21,17:14:04,156.85,Circuit City,Electronics,Atlanta,GA,00,0
TXN_00000993,CUST_000452,8542,2025-04-21,20:36:04,71.01,Mobil,Gas Station,Sacramento,CA,00,0
TXN_00000073,CUST_000255,2845,2025-04-22,02:20:04,39.68,Shell,Gas Station,Peoria,IL,00,0
TXN_00000020,CUST_000125,8317,2025-04-22,07:34:04,1981.84,Pizza Hut,Restaurant,Warren,MI,51,1
TXN_00000944,CUST_000118,4001,2025-04-22,11:59:04,74.36,Movie Theater,Entertainment,Toledo,OH,00,0
TXN_00000187,CUST_000245,7972,2025-04-22,15:03:04,946.04,Micro Center,Electronics,Detroit,MI,00,0
TXN_00000997,CUST_000398,5450,2025-04-22,15:47:04,61.54,Movie Theater,Entertainment,Warren,MI,00,0
TXN_00000624,CUST_000391,5790,2025-04-22,20:29:04,73.99,Target.com,Online Retail,Orlando,FL,00,0
TXN_00000398,CUST_000203,4818,2025-04-23,00:06:04,77.31,BP,Gas Station,Charlotte,NC,00,0
TXN_00000213,CUST_000233,9266,2025-04-23,08:07:04,40.93,Health Mart,Pharmacy,Rochester,NY,00,0
TXN_00000962,CUST_000477,1950,2025-04-23,10:08:04,1020.42,Circuit City,Electronics,New York,NY,00,0
TXN_00000955,CUST_000402,1787,2025-04-23,11:38:04,468.7,Best Buy,Electronics,Erie,PA,00,0
TXN_00000244,CUST_000480,3503,2025-04-23,13:28:04,57.97,BP,Gas Station,Philadelphia,PA,00,0
TXN_00000349,CUST_000303,2559,2025-04-24,00:40:04,63.28,Kroger,Grocery,Cincinnati,OH,00,0
TXN_00000797,CUST_000084,4533,2025-04-24,02:51:04,305.04,Hilton,Hotel,Los Angeles,CA,00,0
TXN_00000434,CUST_000123,1511,2025-04-24,14:11:04,46.91,Sports Arena,Entertainment,Austin,TX,00,0
TXN_00000742,CUST_000275,3945,2025-04-24,22:18:04,271.93,Best Buy Online,Online Retail,Columbus,OH,00,0
TXN_00000040,CUST_000437,3431,2025-04-25,00:14:04,1555.84,Bank ATM,ATM,Remote_MT,MT,00,1
TXN_00000058,CUST_000174,5523,2025-04-25,01:56:04,35.36,BP,Gas Station,Dallas,TX,00,0
TXN_00000868,CUST_000056,1798,2025-04-25,07:43:04,80.97,McDonald's,Restaurant,Rockford,IL,00,0
TXN_00000687,CUST_000039,5626,2025-04-25,11:53:04,56.81,Exxon,Gas Station,Rochester,NY,00,0
TXN_00000712,CUST_000321,7555,2025-04-25,21:02:04,367.19,Credit Union ATM,ATM,Tampa,FL,00,0
TXN_00000729,CUST_000223,2453,2025-04-26,03:09:04,64.91,Safeway,Grocery,Peoria,IL,00,0
TXN_00000685,CUST_000418,4116,2025-04-26,03:58:04,32.35,Health Mart,Pharmacy,San Antonio,TX,00,0
TXN_00000031,CUST_000296,6999,2025-04-26,07:13:04,1862.76,Target.com,Online Retail,Remote_VT,VT,00,1
TXN_00000585,CUST_000124,1576,2025-04-26,14:44:04,172.57,Best Western,Hotel,Savannah,GA,00,0
TXN_00000968,CUST_000025,7955,2025-04-26,20:43:04,77.66,Exxon,Gas Station,Dallas,TX,00,0
TXN_00000374,CUST_000386,1583,2025-04-27,01:50:04,363.33,Best Western,Hotel,Augusta,GA,00,0
TXN_00000793,CUST_000213,6936,2025-04-27,05:18:04,157.5,Credit Union ATM,ATM,Grand Rapids,MI,00,0
TXN_00000857,CUST_000492,7607,2025-04-27,10:44:04,47.5,Starbucks,Restaurant,Tampa,FL,00,0
TXN_00000859,CUST_000184,5613,2025-04-27,10:57:04,77.47,Whole Foods,Grocery,Columbus,OH,00,0
TXN_00000812,CUST_000146,1145,2025-04-27,16:10:04,15.04,CVS,Pharmacy,Miami,FL,00,0
TXN_00000595,CUST_000396,0473,2025-04-27,17:44:04,21.97,CVS,Pharmacy,Cleveland,OH,00,0
TXN_00000846,CUST_000040,6880,2025-04-27,17:55:04,39.22,Target,Grocery,Los Angeles,CA,00,0
TXN_00000448,CUST_000064,5066,2025-04-27,18:07:04,156.37,eBay,Online Retail,Philadelphia,PA,00,0
TXN_00000236,CUST_000438,1178,2025-04-28,21:20:04,117.93,Walmart,Grocery,Charlotte,NC,00,0
TXN_00000241,CUST_000036,7350,2025-04-28,23:03:04,116.82,McDonald's,Restaurant,San Francisco,CA,00,0
TXN_00000546,CUST_000073,3614,2025-04-28,23:51:04,98.86,Theme Park,Entertainment,Raleigh,NC,00,0
TXN_00000617,CUST_000097,5955,2025-04-29,00:02:04,84.66,Theme Park,Entertainment,Houston,TX,00,0
TXN_00000326,CUST_000336,2424,2025-04-29,10:30:04,127.27,Walmart.com,Online Retail,Chicago,IL,00,0
TXN_00000253,CUST_000423,5776,2025-04-29,12:36:04,147.61,Walmart,Grocery,Detroit,MI,00,0
TXN_00000207,CUST_000263,9087,2025-04-29,13:03:04,36.16,Movie Theater,Entertainment,Rochester,NY,00,0
TXN_00000569,CUST_000455,7240,2025-04-29,15:57:04,38.13,Rite Aid,Pharmacy,Orlando,FL,00,0
TXN_00000717,CUST_000467,2710,2025-04-29,19:43:04,64.65,Pizza Hut,Restaurant,Savannah,GA,00,0
TXN_00000055,CUST_000387,4036,2025-04-30,00:22:04,58.84,Best Buy,Electronics,Springfield,IL,00,0
TXN_00000988,CUST_000025,7775,2025-04-30,03:05:04,66.06,Gas Station ATM,ATM,Raleigh,NC,00,0
TXN_00000991,CUST_000489,5504,2025-04-30,04:38:04,945.62,Fry's Electronics,Electronics,Peoria,IL,00,0
TXN_00000338,CUST_000040,9852,2025-04-30,07:07:04,193.78,Macy's,Department Store,Buffalo,NY,00,0
TXN_00000731,CUST_000490,2845,2025-04-30,07:09:04,25.33,Walgreens,Pharmacy,Atlanta,GA,00,0
TXN_00000318,CUST_000176,1687,2025-04-30,21:57:04,155.21,Target.com,Online Retail,Augusta,GA,00,0
TXN_00000297,CUST_000151,9290,2025-05-01,04:00:04,36.01,Sears,Department Store,Atlanta,GA,00,0
TXN_00000936,CUST_000439,0165,2025-05-01,20:24:04,449.08,RadioShack,Electronics,Los Angeles,CA,00,0
TXN_00000450,CUST_000219,1952,2025-05-01,22:02:04,234.6,JCPenney,Department Store,Cincinnati,OH,00,0
TXN_00000332,CUST_000213,5196,2025-05-02,16:06:04,44.57,Shell,Gas Station,Rockford,IL,00,0
TXN_00000974,CUST_000314,9928,2025-05-02,17:41:04,46.8,Rite Aid,Pharmacy,Orlando,FL,00,0
TXN_00000726,CUST_000177,7509,2025-05-03,01:01:04,343.54,Bank ATM,ATM,Atlanta,GA,00,0
TXN_00000005,CUST_000186,6916,2025-05-03,10:34:04,1293.67,Gas Station ATM,ATM,Charlotte,NC,00,1
TXN_00000574,CUST_000377,9842,2025-05-03,16:08:04,377.9,Mall ATM,ATM,Tampa,FL,00,0
TXN_00000259,CUST_000474,5904,2025-05-04,02:52:04,79.7,Subway,Restaurant,Savannah,GA,00,0
TXN_00000410,CUST_000063,6875,2025-05-04,05:26:04,37.25,Safeway,Grocery,New York,NY,00,0
TXN_00000788,CUST_000342,2231,2025-05-04,08:11:04,367.12,Micro Center,Electronics,Miami,FL,00,0
TXN_00000918,CUST_000014,6020,2025-05-04,13:17:04,216.92,Macy's,Department Store,Charlotte,NC,00,0
TXN_00000724,CUST_000108,9274,2025-05-04,13:23:04,558.89,Best Buy,Electronics,Charlotte,NC,00,0
TXN_00000953,CUST_000217,3407,2025-05-04,13:33:04,19.05,Sports Arena,Entertainment,Warren,MI,00,0
TXN_00000189,CUST_000128,8772,2025-05-04,13:55:04,39.24,Chevron,Gas Station,Allentown,PA,00,0
TXN_00000913,CUST_000181,4666,2025-05-04,20:14:04,77.9,Exxon,Gas Station,Detroit,MI,00,0
TXN_00000802,CUST_000021,0691,2025-05-05,16:00:04,377.3,Best Western,Hotel,Grand Rapids,MI,00,0
TXN_00000065,CUST_000187,7359,2025-05-05,17:35:04,326.22,Best Western,Hotel,Toledo,OH,00,0
TXN_00000260,CUST_000419,2405,2025-05-05,18:08:04,47.0,Exxon,Gas Station,San Diego,CA,00,0
TXN_00000896,CUST_000029,5298,2025-05-05,18:19:04,21.76,Concert Hall,Entertainment,Los Angeles,CA,00,0
TXN_00000121,CUST_000355,6179,2025-05-06,02:02:04,208.26,Hyatt,Hotel,Durham,NC,00,0
TXN_00000689,CUST_000283,4546,2025-05-06,05:44:04,54.5,Rite Aid,Pharmacy,Orlando,FL,00,0
TXN_00000573,CUST_000106,0954,2025-05-06,17:23:04,920.84,Circuit City,Electronics,Erie,PA,00,0
TXN_00000590,CUST_000135,2854,2025-05-07,05:40:04,295.07,Hyatt,Hotel,Rochester,NY,00,0
TXN_00000775,CUST_000379,8550,2025-05-07,06:18:04,277.0,Hyatt,Hotel,Savannah,GA,00,0
TXN_00000893,CUST_000112,9936,2025-05-07,14:55:04,91.94,McDonald's,Restaurant,Philadelphia,PA,00,0
TXN_00000665,CUST_000379,9112,2025-05-07,16:03:04,75.21,Bowling Alley,Entertainment,Buffalo,NY,00,0
TXN_00000394,CUST_000347,6776,2025-05-07,18:32:04,68.11,Starbucks,Restaurant,Columbus,GA,00,0
TXN_00000910,CUST_000304,6713,2025-05-07,19:18:04,109.77,Safeway,Grocery,Philadelphia,PA,00,0
TXN_00000008,CUST_000116,1031,2025-05-08,01:24:04,3.14,Kroger,Grocery,Savannah,GA,61,1
TXN_00000594,CUST_000340,7796,2025-05-08,02:24:04,105.01,Amazon,Online Retail,Raleigh,NC,00,0
TXN_00000330,CUST_000168,1871,2025-05-08,03:14:04,27.5,Theme Park,Entertainment,Philadelphia,PA,00,0
TXN_00000912,CUST_000220,3396,2025-05-08,05:54:04,111.81,Pizza Hut,Restaurant,Toledo,OH,00,0
TXN_00000074,CUST_000219,0165,2025-05-08,11:54:04,95.75,Concert Hall,Entertainment,San Antonio,TX,00,0
TXN_00000779,CUST_000073,3190,2025-05-08,20:27:04,381.48,Circuit City,Electronics,Columbus,GA,00,0
TXN_00000232,CUST_000068,2270,2025-05-08,21:45:04,67.46,Pizza Hut,Restaurant,Greensboro,NC,00,0
TXN_00000381,CUST_000104,7998,2025-05-09,10:24:04,137.25,Macy's,Department Store,Columbus,GA,00,0
TXN_00000584,CUST_000062,2128,2025-05-09,16:19:04,91.38,Theme Park,Entertainment,Pittsburgh,PA,00,0
TXN_00000248,CUST_000327,1863,2025-05-09,16:58:04,78.92,Theme Park,Entertainment,Austin,TX,00,0
TXN_00000431,CUST_000266,6716,2025-05-09,17:32:04,264.37,eBay,Online Retail,Rockford,IL,00,0
TXN_00000082,CUST_000031,5556,2025-05-09,18:53:04,69.07,Subway,Restaurant,Rochester,NY,00,0
TXN_00000287,CUST_000330,2557,2025-05-10,01:52:04,100.92,Marriott,Hotel,Rochester,NY,00,0
TXN_00000582,CUST_000498,1579,2025-05-10,02:56:04,241.23,Walmart.com,Online Retail,Tampa,FL,00,0
TXN_00000045,CUST_000384,8593,2025-05-10,03:52:04,953.29,Chevron,Gas Station,Remote_AK,AK,14,1
TXN_00000414,CUST_000408,9311,2025-05-10,04:38:04,109.86,Whole Foods,Grocery,Grand Rapids,MI,00,0
TXN_00000386,CUST_000401,3524,2025-05-10,19:15:04,239.49,Hyatt,Hotel,Buffalo,NY,00,0
TXN_00000109,CUST_000408,0100,2025-05-10,21:55:04,424.42,Credit Union ATM,ATM,Miami,FL,00,0
TXN_00000174,CUST_000239,8994,2025-05-11,00:22:04,135.98,Macy's,Department Store,Allentown,PA,00,0
TXN_00000433,CUST_000021,3296,2025-05-11,06:45:04,371.47,Best Western,Hotel,Houston,TX,00,0
TXN_00000273,CUST_000256,6719,2025-05-11,08:03:04,331.42,Best Buy,Electronics,Greensboro,NC,00,0
TXN_00000924,CUST_000440,6834,2025-05-11,11:00:04,79.46,Micro Center,Electronics,Augusta,GA,00,0
TXN_00000559,CUST_000403,2988,2025-05-11,15:03:04,183.51,JCPenney,Department Store,Warren,MI,00,0
TXN_00000105,CUST_000212,1751,2025-05-11,17:44:04,14.64,Concert Hall,Entertainment,Columbus,OH,00,0
TXN_00000744,CUST_000321,2537,2025-05-11,17:50:04,239.78,Convenience Store ATM,ATM,Cleveland,OH,00,0
TXN_00000810,CUST_000432,8851,2025-05-11,18:17:04,954.07,Best Buy,Electronics,Pittsburgh,PA,00,0
TXN_00000792,CUST_000051,1329,2025-05-11,21:08:04,327.99,Marriott,Hotel,Sacramento,CA,00,0
TXN_00000638,CUST_000474,2169,2025-05-12,02:01:04,216.94,Mall ATM,ATM,San Francisco,CA,00,0
TXN_00000950,CUST_000059,8143,2025-05-12,05:33:04,48.83,Pharmacy Plus,Pharmacy,Chicago,IL,00,0
TXN_00000280,CUST_000381,9551,2025-05-12,06:08:04,103.28,Subway,Restaurant,Erie,PA,00,0
TXN_00000641,CUST_000057,8761,2025-05-12,08:50:04,444.01,Convenience Store ATM,ATM,Charlotte,NC,00,0
TXN_00000930,CUST_000050,9266,2025-05-12,09:18:04,122.88,Sears,Department Store,Raleigh,NC,00,0
TXN_00000916,CUST_000351,1237,2025-05-12,10:37:04,136.7,Macy's,Department Store,Warren,MI,00,0
TXN_00000603,CUST_000264,8123,2025-05-12,14:39:04,92.5,Marriott,Hotel,Toledo,OH,00,0
TXN_00000347,CUST_000339,0616,2025-05-12,22:27:04,352.92,Holiday Inn,Hotel,Columbus,GA,00,0
TXN_00000165,CUST_000429,9380,2025-05-13,00:23:04,220.94,Gas Station ATM,ATM,Durham,NC,00,0
TXN_00000691,CUST_000429,0878,2025-05-13,00:45:04,76.73,Kroger,Grocery,Houston,TX,00,0
TXN_00000027,CUST_000375,9965,2025-05-13,04:01:04,772.76,Safeway,Grocery,Orlando,FL,14,1
TXN_00000748,CUST_000499,0433,2025-05-13,05:20:04,398.67,Marriott,Hotel,Sacramento,CA,00,0
TXN_00000901,CUST_000028,2019,2025-05-13,13:17:04,29.04,Safeway,Grocery,Erie,PA,00,0
TXN_00000079,CUST_000177,8242,2025-05-13,13:42:04,113.15,Subway,Restaurant,Orlando,FL,00,0
TXN_00000025,CUST_000393,0496,2025-05-13,14:25:04,7.22,Credit Union ATM,ATM,Miami,FL,14,1
TXN_00000996,CUST_000470,3536,2025-05-13,15:33:04,30.97,Health Mart,Pharmacy,Rockford,IL,00,0
TXN_00000340,CUST_000130,3250,2025-05-13,20:07:04,70.75,BP,Gas Station,Peoria,IL,00,0
TXN_00000276,CUST_000356,1981,2025-05-13,20:16:04,378.85,Hyatt,Hotel,Rockford,IL,00,0
TXN_00000514,CUST_000110,3030,2025-05-13,20:49:04,140.99,Convenience Store ATM,ATM,Houston,TX,00,0
TXN_00000178,CUST_000062,6972,2025-05-13,22:41:04,47.84,Walgreens,Pharmacy,Augusta,GA,00,0
TXN_00000767,CUST_000355,4983,2025-05-14,02:14:04,54.9,Rite Aid,Pharmacy,Grand Rapids,MI,00,0
TXN_00000383,CUST_000119,6572,2025-05-14,03:37:04,374.83,Circuit City,Electronics,Syracuse,NY,00,0
TXN_00000480,CUST_000154,2560,2025-05-14,04:32:04,11.09,Walgreens,Pharmacy,Chicago,IL,00,0
TXN_00000891,CUST_000362,5847,2025-05-14,04:42:04,31.25,Pizza Hut,Restaurant,Detroit,MI,00,0
TXN_00000324,CUST_000348,1624,2025-05-14,14:43:04,29.89,Shell,Gas Station,Buffalo,NY,00,0
TXN_00000009,CUST_000049,6513,2025-05-15,04:21:04,710.27,eBay,Online Retail,Austin,TX,00,1
TXN_00000039,CUST_000416,1718,2025-05-15,05:07:04,1114.97,Marriott,Hotel,Houston,TX,14,1
TXN_00000945,CUST_000264,4608,2025-05-15,08:27:04,266.73,Target.com,Online Retail,Syracuse,NY,00,0
TXN_00000516,CUST_000402,1992,2025-05-15,09:53:04,5.78,Rite Aid,Pharmacy,Savannah,GA,00,0
TXN_00000544,CUST_000251,8221,2025-05-15,10:09:04,68.23,Exxon,Gas Station,Erie,PA,00,0
TXN_00000183,CUST_000106,6189,2025-05-15,14:18:04,26.84,Exxon,Gas Station,Syracuse,NY,00,0
TXN_00000136,CUST_000304,7136,2025-05-15,18:17:04,26.19,Shell,Gas Station,Allentown,PA,00,0
TXN_00000778,CUST_000113,3121,2025-05-15,21:19:04,107.57,RadioShack,Electronics,Rochester,NY,00,0
TXN_00000288,CUST_000088,5814,2025-05-16,07:03:04,46.07,Theme Park,Entertainment,Cleveland,OH,00,0
TXN_00000453,CUST_000390,8069,2025-05-16,07:52:04,93.89,Sports Arena,Entertainment,Augusta,GA,00,0
TXN_00000765,CUST_000261,9061,2025-05-16,11:59:04,73.4,Movie Theater,Entertainment,Houston,TX,00,0
TXN_00000646,CUST_000088,2872,2025-05-16,12:06:04,84.55,Best Western,Hotel,Rochester,NY,00,0
TXN_00000320,CUST_000051,5431,2025-05-16,15:01:04,103.66,Safeway,Grocery,San Antonio,TX,00,0
TXN_00000363,CUST_000134,6693,2025-05-16,15:17:04,139.24,Walmart,Grocery,Grand Rapids,MI,00,0
TXN_00000011,CUST_000152,7882,2025-05-17,04:21:04,2.67,Whole Foods,Grocery,Detroit,MI,05,1
TXN_00000500,CUST_000309,7883,2025-05-17,14:35:04,298.86,Bank ATM,ATM,Cleveland,OH,00,0
TXN_00000538,CUST_000107,2356,2025-05-17,19:30:04,244.31,Hyatt,Hotel,Cleveland,OH,00,0
TXN_00000299,CUST_000271,3723,2025-05-17,22:00:04,112.47,Fry's Electronics,Electronics,Chicago,IL,00,0
TXN_00000035,CUST_000179,6807,2025-05-18,00:39:04,2.04,Exxon,Gas Station,Columbus,OH,61,1
TXN_00000233,CUST_000288,1754,2025-05-18,01:25:04,35.82,Rite Aid,Pharmacy,Peoria,IL,00,0
TXN_00000400,CUST_000224,1824,2025-05-18,16:30:04,41.83,Starbucks,Restaurant,Buffalo,NY,00,0
TXN_00000722,CUST_000043,1251,2025-05-19,01:26:04,99.15,Olive Garden,Restaurant,New York,NY,00,0
TXN_00000720,CUST_000086,7158,2025-05-19,03:06:04,132.09,Target,Grocery,Detroit,MI,00,0
TXN_00000745,CUST_000306,0404,2025-05-19,07:44:04,313.2,Best Western,Hotel,Houston,TX,00,0
TXN_00000545,CUST_000280,8971,2025-05-19,15:31:04,190.21,Sears,Department Store,San Francisco,CA,00,0
TXN_00000418,CUST_000002,3620,2025-05-20,00:07:04,9.06,CVS,Pharmacy,Los Angeles,CA,00,0
TXN_00000134,CUST_000425,0170,2025-05-20,00:29:04,46.48,BP,Gas Station,Sacramento,CA,00,0
TXN_00000343,CUST_000148,9473,2025-05-20,03:54:04,36.15,Theme Park,Entertainment,Cleveland,OH,00,0
TXN_00000423,CUST_000298,3466,2025-05-20,07:26:04,1125.82,Circuit City,Electronics,Allentown,PA,00,0
TXN_00000939,CUST_000101,2642,2025-05-20,09:17:04,90.69,Bank ATM,ATM,Buffalo,NY,00,0
TXN_00000695,CUST_000134,4090,2025-05-20,18:20:04,71.44,Movie Theater,Entertainment,Buffalo,NY,00,0
TXN_00000510,CUST_000161,1274,2025-05-20,19:38:04,324.21,Holiday Inn,Hotel,Savannah,GA,00,0
TXN_00000325,CUST_000105,7043,2025-05-20,21:04:04,72.31,Shell,Gas Station,Orlando,FL,00,0
TXN_00000698,CUST_000080,5352,2025-05-20,22:47:04,76.79,Walmart.com,Online Retail,Columbus,OH,00,0
TXN_00000084,CUST_000012,0479,2025-05-21,01:40:04,251.74,Holiday Inn,Hotel,Syracuse,NY,00,0
TXN_00000517,CUST_000406,0336,2025-05-21,02:16:04,64.08,Concert Hall,Entertainment,Orlando,FL,00,0
TXN_00000504,CUST_000203,2418,2025-05-21,21:09:04,376.7,Credit Union ATM,ATM,Columbus,OH,00,0
TXN_00000961,CUST_000287,2247,2025-05-21,22:07:04,62.47,Amazon,Online Retail,Columbus,OH,00,0
TXN_00000648,CUST_000284,4233,2025-05-22,18:26:04,92.87,Hilton,Hotel,Warren,MI,00,0
TXN_00000970,CUST_000308,0695,2025-05-23,04:15:04,249.83,Best Buy Online,Online Retail,Chicago,IL,00,0
TXN_00000021,CUST_000465,7347,2025-05-23,06:02:04,4.02,Exxon,Gas Station,Remote_HI,HI,51,1
TXN_00000446,CUST_000222,2824,2025-05-23,11:56:04,166.81,Mall ATM,ATM,Rockford,IL,00,0
TXN_00000342,CUST_000188,8361,2025-05-23,14:39:04,30.62,CVS,Pharmacy,Raleigh,NC,00,0
TXN_00000998,CUST_000175,4721,2025-05-23,19:01:04,149.63,Amazon,Online Retail,Springfield,IL,00,0
TXN_00000807,CUST_000343,8409,2025-05-23,19:39:04,29.74,Shell,Gas Station,Pittsburgh,PA,00,0
TXN_00000371,CUST_000457,3715,2025-05-24,00:45:04,105.38,Kroger,Grocery,Syracuse,NY,00,0
TXN_00000741,CUST_000013,9705,2025-05-24,01:40:04,72.9,Mobil,Gas Station,Raleigh,NC,00,0
TXN_00000702,CUST_000358,7399,2025-05-24,03:52:04,139.09,Walmart,Grocery,Miami,FL,00,0
TXN_00000485,CUST_000027,0200,2025-05-24,05:50:04,39.68,Kroger,Grocery,Augusta,GA,00,0
TXN_00000099,CUST_000029,4064,2025-05-24,07:00:04,90.96,Target,Grocery,Sacramento,CA,00,0
TXN_00000922,CUST_000419,6970,2025-05-24,07:52:04,159.55,Macy's,Department Store,Miami,FL,00,0
TXN_00000422,CUST_000251,5787,2025-05-24,11:05:04,89.81,Subway,Restaurant,Durham,NC,00,0
TXN_00000123,CUST_000286,2507,2025-05-24,15:42:04,44.96,Exxon,Gas Station,New York,NY,00,0
TXN_00000203,CUST_000086,8612,2025-05-24,18:15:04,110.36,Safeway,Grocery,Los Angeles,CA,00,0
TXN_00000909,CUST_000107,7268,2025-05-24,19:11:04,11.84,Whole Foods,Grocery,Rochester,NY,00,0
TXN_00000212,CUST_000082,3145,2025-05-24,20:37:04,208.86,Amazon,Online Retail,Greensboro,NC,00,0
TXN_00000959,CUST_000231,5705,2025-05-25,10:13:04,80.68,Gas Station ATM,ATM,Grand Rapids,MI,00,0
TXN_00000049,CUST_000232,7661,2025-05-25,10:15:04,1.73,Best Western,Hotel,Remote_MT,MT,61,1
TXN_00000296,CUST_000456,0580,2025-05-25,18:42:04,244.05,Best Western,Hotel,Augusta,GA,00,0
TXN_00000254,CUST_000155,8992,2025-05-25,21:05:04,47.62,Shell,Gas Station,Dallas,TX,00,0
TXN_00000080,CUST_000041,8299,2025-05-26,02:03:04,84.17,Starbucks,Restaurant,Warren,MI,00,0
TXN_00000139,CUST_000097,9180,2025-05-26,11:41:04,12.26,Rite Aid,Pharmacy,Sterling Heights,MI,00,0
TXN_00000565,CUST_000160,0564,2025-05-26,11:41:04,269.21,Best Buy Online,Online Retail,San Francisco,CA,00,0
TXN_00000283,CUST_000106,1570,2025-05-26,13:17:04,65.97,Mobil,Gas Station,Chicago,IL,00,0
TXN_00000619,CUST_000096,0515,2025-05-26,13:49:04,69.0,Target,Grocery,Allentown,PA,00,0
TXN_00000269,CUST_000234,0347,2025-05-26,19:37:04,391.36,Convenience Store ATM,ATM,Rockford,IL,00,0
TXN_00000610,CUST_000041,4186,2025-05-27,02:42:04,6.39,Walgreens,Pharmacy,Erie,PA,00,0
TXN_00000872,CUST_000480,0898,2025-05-27,12:58:04,124.59,JCPenney,Department Store,Warren,MI,00,0
TXN_00000808,CUST_000100,3239,2025-05-27,14:43:04,319.27,Hyatt,Hotel,Buffalo,NY,00,0
TXN_00000527,CUST_000475,3513,2025-05-27,15:25:04,29.4,Kroger,Grocery,Buffalo,NY,00,0
TXN_00000282,CUST_000058,2357,2025-05-28,01:20:04,79.8,Sports Arena,Entertainment,Houston,TX,00,0
TXN_00000820,CUST_000212,8197,2025-05-28,01:22:04,40.43,Rite Aid,Pharmacy,Savannah,GA,00,0
TXN_00000833,CUST_000133,2318,2025-05-28,09:14:04,61.45,Olive Garden,Restaurant,Columbus,OH,00,0
TXN_00000250,CUST_000303,1705,2025-05-28,11:53:04,83.98,Theme Park,Entertainment,San Diego,CA,00,0
TXN_00000760,CUST_000326,1114,2025-05-28,14:32:04,27.07,Pharmacy Plus,Pharmacy,Tampa,FL,00,0
TXN_00000113,CUST_000109,2503,2025-05-28,17:23:04,915.09,Circuit City,Electronics,Columbus,OH,00,0
TXN_00000251,CUST_000037,3383,2025-05-28,17:55:04,692.19,Circuit City,Electronics,Durham,NC,00,0
TXN_00000849,CUST_000430,9821,2025-05-29,07:30:04,100.63,Walmart.com,Online Retail,Erie,PA,00,0
TXN_00000098,CUST_000040,2587,2025-05-29,14:32:04,63.02,BP,Gas Station,Atlanta,GA,00,0
TXN_00000194,CUST_000284,6995,2025-05-29,15:12:04,47.68,Theme Park,Entertainment,Grand Rapids,MI,00,0
TXN_00000090,CUST_000182,4437,2025-05-30,02:43:04,24.18,Pharmacy Plus,Pharmacy,Peoria,IL,00,0
TXN_00000879,CUST_000478,3358,2025-05-30,02:55:04,167.55,Fry's Electronics,Electronics,Charlotte,NC,00,0
TXN_00000359,CUST_000486,7540,2025-05-30,03:53:04,1017.69,Best Buy,Electronics,San Francisco,CA,00,0
TXN_00000628,CUST_000346,7607,2025-05-30,05:04:04,56.74,Macy's,Department Store,Columbus,GA,00,0
TXN_00000458,CUST_000252,8633,2025-05-30,12:55:04,94.01,Macy's,Department Store,New York,NY,00,0
TXN_00000583,CUST_000466,1668,2025-05-30,23:58:04,66.89,Olive Garden,Restaurant,Tampa,FL,00,0
TXN_00000017,CUST_000060,5698,2025-05-31,00:10:04,785.12,Chevron,Gas Station,Remote_VT,VT,05,1
TXN_00000006,CUST_000329,2814,2025-05-31,02:58:04,4.37,Bowling Alley,Entertainment,Houston,TX,51,1
TXN_00000835,CUST_000030,4421,2025-05-31,12:32:04,64.03,Concert Hall,Entertainment,Sterling Heights,MI,00,0
TXN_00000581,CUST_000434,3943,2025-05-31,15:16:04,48.95,Walgreens,Pharmacy,Pittsburgh,PA,00,0
TXN_00000871,CUST_000338,0587,2025-05-31,20:14:04,44.3,Exxon,Gas Station,Houston,TX,00,0
TXN_00000690,CUST_000491,8519,2025-06-01,03:13:04,222.33,Best Buy Online,Online Retail,Raleigh,NC,00,0
TXN_00000664,CUST_000168,3502,2025-06-01,03:13:04,346.93,Marriott,Hotel,Columbus,OH,00,0
TXN_00000305,CUST_000315,7072,2025-06-01,05:22:04,103.04,Walmart,Grocery,Springfield,IL,00,0
TXN_00000873,CUST_000065,8424,2025-06-01,16:19:04,1023.06,Fry's Electronics,Electronics,Detroit,MI,00,0
TXN_00000122,CUST_000496,0965,2025-06-01,17:59:04,25.06,Bank ATM,ATM,Springfield,IL,00,0
TXN_00000426,CUST_000101,0445,2025-06-01,22:30:04,414.49,Mall ATM,ATM,Sacramento,CA,00,0
TXN_00000206,CUST_000074,9968,2025-06-02,01:49:04,37.42,Movie Theater,Entertainment,Pittsburgh,PA,00,0
TXN_00000967,CUST_000382,8384,2025-06-02,05:11:04,99.02,Subway,Restaurant,Cincinnati,OH,00,0
TXN_00000329,CUST_000332,7028,2025-06-02,08:30:04,21.49,Exxon,Gas Station,Grand Rapids,MI,00,0
TXN_00000201,CUST_000048,8780,2025-06-02,09:34:04,46.74,Exxon,Gas Station,Grand Rapids,MI,00,0
TXN_00000302,CUST_000005,4430,2025-06-02,16:52:04,22.87,Whole Foods,Grocery,Grand Rapids,MI,00,0
TXN_00000424,CUST_000385,8956,2025-06-02,18:17:04,218.4,Best Western,Hotel,Erie,PA,00,0
TXN_00000540,CUST_000221,4510,2025-06-02,18:31:04,113.09,Mall ATM,ATM,Jacksonville,FL,00,0
TXN_00000050,CUST_000196,8367,2025-06-03,01:29:04,1180.25,Walmart.com,Online Retail,Remote_MT,MT,14,1
TXN_00000029,CUST_000360,8233,2025-06-03,02:31:04,1964.91,Holiday Inn,Hotel,Greensboro,NC,05,1
TXN_00000258,CUST_000044,6938,2025-06-03,04:25:04,333.18,RadioShack,Electronics,Rochester,NY,00,0
TXN_00000238,CUST_000497,4578,2025-06-03,06:17:04,146.51,Amazon,Online Retail,Erie,PA,00,0
TXN_00000130,CUST_000294,6134,2025-06-03,08:16:04,46.79,Safeway,Grocery,Syracuse,NY,00,0
TXN_00000436,CUST_000366,2418,2025-06-03,13:24:04,57.24,Credit Union ATM,ATM,San Diego,CA,00,0
TXN_00000210,CUST_000331,0809,2025-06-03,19:20:04,934.58,Micro Center,Electronics,Miami,FL,00,0
TXN_00000312,CUST_000125,1002,2025-06-03,21:37:04,73.21,Mobil,Gas Station,Toledo,OH,00,0
TXN_00000649,CUST_000381,9977,2025-06-04,00:14:04,72.9,Mobil,Gas Station,San Diego,CA,00,0
TXN_00000211,CUST_000458,7881,2025-06-04,00:43:04,261.04,Convenience Store ATM,ATM,Tampa,FL,00,0
TXN_00000404,CUST_000001,4653,2025-06-05,06:11:04,373.51,RadioShack,Electronics,Houston,TX,00,0
TXN_00000191,CUST_000423,5037,2025-06-05,09:09:04,47.21,Health Mart,Pharmacy,Sterling Heights,MI,00,0
TXN_00000226,CUST_000151,9735,2025-06-05,18:41:04,366.89,Best Western,Hotel,Sacramento,CA,00,0
TXN_00000468,CUST_000386,0340,2025-06-06,01:03:04,69.32,Sports Arena,Entertainment,Savannah,GA,00,0
TXN_00000247,CUST_000357,9821,2025-06-06,01:43:04,50.44,Concert Hall,Entertainment,Peoria,IL,00,0
TXN_00000832,CUST_000466,0898,2025-06-06,07:34:04,52.34,BP,Gas Station,Rochester,NY,00,0
TXN_00000129,CUST_000254,3404,2025-06-06,08:50:04,104.38,Target.com,Online Retail,Columbus,GA,00,0
TXN_00000447,CUST_000037,5766,2025-06-06,11:39:04,204.34,Convenience Store ATM,ATM,Chicago,IL,00,0
TXN_00000880,CUST_000190,9574,2025-06-06,14:34:04,31.67,JCPenney,Department Store,Chicago,IL,00,0
TXN_00000749,CUST_000406,8255,2025-06-06,14:40:04,23.11,Bowling Alley,Entertainment,Erie,PA,00,0
TXN_00000081,CUST_000443,0784,2025-06-06,18:01:04,83.87,Kohl's,Department Store,Cincinnati,OH,00,0
TXN_00000969,CUST_000423,4091,2025-06-06,21:55:04,286.54,Amazon,Online Retail,Syracuse,NY,00,0
TXN_00000112,CUST_000116,0021,2025-06-06,23:53:04,286.37,Best Western,Hotel,Philadelphia,PA,00,0
TXN_00000209,CUST_000414,5257,2025-06-07,10:32:04,194.8,Best Western,Hotel,Rockford,IL,00,0
TXN_00000375,CUST_000047,5732,2025-06-07,11:36:04,281.46,Hyatt,Hotel,Charlotte,NC,00,0
TXN_00000622,CUST_000340,7023,2025-06-07,20:17:04,47.29,Subway,Restaurant,Dallas,TX,00,0
TXN_00000452,CUST_000103,1416,2025-06-07,22:20:04,23.86,Exxon,Gas Station,San Francisco,CA,00,0
TXN_00000430,CUST_000459,0231,2025-06-08,06:49:04,118.83,Convenience Store ATM,ATM,Chicago,IL,00,0
TXN_00000399,CUST_000385,3971,2025-06-08,08:21:04,38.84,Bowling Alley,Entertainment,Detroit,MI,00,0
TXN_00000721,CUST_000195,8665,2025-06-08,16:28:04,90.51,Subway,Restaurant,Raleigh,NC,00,0
TXN_00000415,CUST_000261,0024,2025-06-08,20:49:04,640.09,Micro Center,Electronics,Allentown,PA,00,0
TXN_00000596,CUST_000106,6155,2025-06-08,21:43:04,68.94,Movie Theater,Entertainment,Raleigh,NC,00,0
TXN_00000490,CUST_000357,4812,2025-06-08,22:46:04,171.73,Amazon,Online Retail,Chicago,IL,00,0
TXN_00000166,CUST_000154,1722,2025-06-08,23:39:04,59.7,eBay,Online Retail,Columbus,OH,00,0
TXN_00000524,CUST_000381,3640,2025-06-09,04:10:04,235.69,Macy's,Department Store,Los Angeles,CA,00,0
TXN_00000061,CUST_000165,8203,2025-06-09,12:21:04,247.7,Best Western,Hotel,Grand Rapids,MI,00,0
TXN_00000185,CUST_000077,7012,2025-06-09,13:40:04,60.43,Kroger,Grocery,Erie,PA,00,0
TXN_00000321,CUST_000013,6580,2025-06-09,15:46:04,195.64,Kohl's,Department Store,Grand Rapids,MI,00,0
TXN_00000284,CUST_000457,1422,2025-06-10,01:49:04,33.36,Macy's,Department Store,Detroit,MI,00,0
TXN_00000128,CUST_000096,5790,2025-06-10,04:36:04,31.65,CVS,Pharmacy,Jacksonville,FL,00,0
TXN_00000469,CUST_000161,0324,2025-06-10,07:53:04,190.59,eBay,Online Retail,Orlando,FL,00,0
TXN_00000205,CUST_000435,7660,2025-06-11,17:53:04,250.71,Hilton,Hotel,San Antonio,TX,00,0
TXN_00000855,CUST_000388,9971,2025-06-11,21:34:04,23.07,Sports Arena,Entertainment,Erie,PA,00,0
TXN_00000618,CUST_000276,4183,2025-06-12,04:18:04,132.89,JCPenney,Department Store,Los Angeles,CA,00,0
TXN_00000682,CUST_000303,8609,2025-06-12,07:23:04,70.29,Mobil,Gas Station,New York,NY,00,0
TXN_00000015,CUST_000221,5869,2025-06-12,09:18:04,1964.31,Starbucks,Restaurant,Remote_MT,MT,51,1
TXN_00000416,CUST_000075,9203,2025-06-12,09:58:04,87.28,Bowling Alley,Entertainment,Cincinnati,OH,00,0
TXN_00000560,CUST_000207,5331,2025-06-12,12:02:04,94.36,Pizza Hut,Restaurant,Columbus,OH,00,0
TXN_00000554,CUST_000379,4407,2025-06-12,13:41:04,181.92,Circuit City,Electronics,San Francisco,CA,00,0
TXN_00000663,CUST_000168,3421,2025-06-12,13:58:04,94.27,Whole Foods,Grocery,San Francisco,CA,00,0
TXN_00000158,CUST_000155,5392,2025-06-12,19:30:04,372.32,Convenience Store ATM,ATM,Springfield,IL,00,0
TXN_00000847,CUST_000399,5774,2025-06-12,19:30:04,56.33,Sears,Department Store,Columbus,OH,00,0
TXN_00000728,CUST_000354,2266,2025-06-12,21:11:04,120.36,Target,Grocery,Cleveland,OH,00,0
TXN_00000508,CUST_000301,2288,2025-06-13,04:39:04,1119.76,RadioShack,Electronics,Erie,PA,00,0
TXN_00000634,CUST_000305,5727,2025-06-13,05:49:04,250.32,Hilton,Hotel,San Antonio,TX,00,0
TXN_00000947,CUST_000398,1472,2025-06-13,08:41:04,81.16,Kohl's,Department Store,Syracuse,NY,00,0
TXN_00000378,CUST_000388,4168,2025-06-13,15:38:04,65.29,Walmart,Grocery,San Francisco,CA,00,0
TXN_00000580,CUST_000312,0261,2025-06-13,16:15:04,53.92,BP,Gas Station,Sterling Heights,MI,00,0
TXN_00000474,CUST_000005,3967,2025-06-13,20:25:04,118.56,Pizza Hut,Restaurant,Augusta,GA,00,0
TXN_00000353,CUST_000035,4685,2025-06-14,02:26:04,135.63,Walmart.com,Online Retail,Sterling Heights,MI,00,0
TXN_00000048,CUST_000440,5395,2025-06-14,02:26:04,2.14,Target,Grocery,Columbus,OH,51,1
TXN_00000316,CUST_000215,3631,2025-06-14,10:29:04,235.01,Hyatt,Hotel,Cleveland,OH,00,0
TXN_00000271,CUST_000104,5186,2025-06-14,15:06:04,95.48,Bowling Alley,Entertainment,Toledo,OH,00,0
TXN_00000771,CUST_000224,1418,2025-06-14,19:39:04,21.47,Sports Arena,Entertainment,Syracuse,NY,00,0
TXN_00000864,CUST_000010,1406,2025-06-14,20:31:04,33.65,Bowling Alley,Entertainment,Tampa,FL,00,0
TXN_00000267,CUST_000352,2677,2025-06-14,23:23:04,35.29,Starbucks,Restaurant,Sacramento,CA,00,0
TXN_00000791,CUST_000418,0944,2025-06-14,23:23:04,53.3,BP,Gas Station,Tampa,FL,00,0
TXN_00000994,CUST_000051,4338,2025-06-15,13:48:04,53.8,Walgreens,Pharmacy,Rockford,IL,00,0
TXN_00000358,CUST_000414,2347,2025-06-15,19:58:04,434.19,Convenience Store ATM,ATM,Sacramento,CA,00,0
TXN_00000026,CUST_000290,6716,2025-06-15,19:59:04,1153.23,Pharmacy Plus,Pharmacy,Greensboro,NC,61,1
TXN_00000786,CUST_000421,4820,2025-06-16,01:31:04,64.66,BP,Gas Station,Greensboro,NC,00,0
TXN_00000461,CUST_000258,5233,2025-06-16,02:28:04,129.95,Target,Grocery,Cincinnati,OH,00,0
TXN_00000621,CUST_000348,9690,2025-06-16,02:39:04,32.47,Olive Garden,Restaurant,Springfield,IL,00,0
TXN_00000014,CUST_000176,0052,2025-06-16,02:54:04,1327.52,JCPenney,Department Store,Remote_HI,HI,61,1
TXN_00000697,CUST_000091,1441,2025-06-16,03:45:04,37.46,Walgreens,Pharmacy,Houston,TX,00,0
TXN_00000223,CUST_000033,8490,2025-06-16,05:14:04,61.09,Pizza Hut,Restaurant,Orlando,FL,00,0
TXN_00000303,CUST_000363,4471,2025-06-16,12:16:04,326.19,Holiday Inn,Hotel,Allentown,PA,00,0
TXN_00000932,CUST_000030,1603,2025-06-16,13:20:04,915.61,RadioShack,Electronics,Durham,NC,00,0
TXN_00000555,CUST_000050,1467,2025-06-16,19:42:04,103.38,Starbucks,Restaurant,Greensboro,NC,00,0
TXN_00000498,CUST_000220,5147,2025-06-16,20:20:04,49.59,Rite Aid,Pharmacy,New York,NY,00,0
TXN_00000454,CUST_000190,5107,2025-06-17,05:30:04,32.33,Credit Union ATM,ATM,Rochester,NY,00,0
TXN_00000946,CUST_000231,7884,2025-06-17,11:22:04,82.35,Theme Park,Entertainment,Sterling Heights,MI,00,0
TXN_00000681,CUST_000186,8564,2025-06-17,12:04:04,5.71,CVS,Pharmacy,Savannah,GA,00,0
TXN_00000215,CUST_000061,2603,2025-06-17,15:01:04,90.29,Target,Grocery,Dallas,TX,00,0
TXN_00000884,CUST_000068,5622,2025-06-17,16:02:04,49.5,Health Mart,Pharmacy,Toledo,OH,00,0
TXN_00000486,CUST_000095,2555,2025-06-17,19:36:04,745.42,RadioShack,Electronics,Orlando,FL,00,0
TXN_00000277,CUST_000270,7293,2025-06-18,02:25:04,30.35,JCPenney,Department Store,Sacramento,CA,00,0
TXN_00000477,CUST_000346,6762,2025-06-18,06:19:04,23.59,CVS,Pharmacy,Miami,FL,00,0
TXN_00000642,CUST_000366,8761,2025-06-18,12:43:04,70.82,BP,Gas Station,Detroit,MI,00,0
TXN_00000532,CUST_000294,0461,2025-06-18,13:13:04,30.27,Chevron,Gas Station,Erie,PA,00,0
TXN_00000053,CUST_000356,2961,2025-06-18,14:02:04,24.63,McDonald's,Restaurant,Raleigh,NC,00,0
TXN_00000878,CUST_000327,9156,2025-06-19,01:20:04,23.36,Subway,Restaurant,Pittsburgh,PA,00,0
TXN_00000831,CUST_000162,7191,2025-06-19,06:26:04,39.12,McDonald's,Restaurant,Charlotte,NC,00,0
TXN_00000556,CUST_000440,8837,2025-06-19,13:37:04,172.62,Holiday Inn,Hotel,Syracuse,NY,00,0
TXN_00000352,CUST_000497,4963,2025-06-20,01:32:04,875.36,Best Buy,Electronics,Detroit,MI,00,0
TXN_00000875,CUST_000195,8299,2025-06-20,06:26:04,258.67,Gas Station ATM,ATM,Dallas,TX,00,0
TXN_00000854,CUST_000028,9144,2025-06-20,15:16:04,1125.21,Circuit City,Electronics,Augusta,GA,00,0
TXN_00000483,CUST_000262,1892,2025-06-20,20:55:04,197.95,Target.com,Online Retail,Dallas,TX,00,0
TXN_00000289,CUST_000082,5832,2025-06-20,23:44:04,70.2,Mobil,Gas Station,Syracuse,NY,00,0
TXN_00000839,CUST_000009,6481,2025-06-21,03:59:04,76.47,Bowling Alley,Entertainment,Peoria,IL,00,0
TXN_00000954,CUST_000268,4826,2025-06-21,07:11:04,60.81,Bowling Alley,Entertainment,Cleveland,OH,00,0
TXN_00000274,CUST_000420,9945,2025-06-21,12:44:04,26.53,Shell,Gas Station,Dallas,TX,00,0
TXN_00000848,CUST_000201,1894,2025-06-21,13:22:04,37.53,Mobil,Gas Station,Jacksonville,FL,00,0
TXN_00000439,CUST_000278,0650,2025-06-21,23:08:04,240.21,Credit Union ATM,ATM,Rochester,NY,00,0
TXN_00000636,CUST_000221,6911,2025-06-22,03:45:04,121.43,Credit Union ATM,ATM,Rochester,NY,00,0
TXN_00000278,CUST_000435,0344,2025-06-22,19:56:04,38.02,Exxon,Gas Station,Greensboro,NC,00,0
TXN_00000863,CUST_000374,4620,2025-06-22,20:12:04,312.33,Hilton,Hotel,Cleveland,OH,00,0
TXN_00000829,CUST_000352,0826,2025-06-23,02:02:04,65.87,Shell,Gas Station,Miami,FL,00,0
TXN_00000033,CUST_000412,0249,2025-06-23,03:51:04,1203.05,Fry's Electronics,Electronics,Rockford,IL,61,1
TXN_00000281,CUST_000085,4617,2025-06-23,10:02:04,149.27,Best Buy Online,Online Retail,Springfield,IL,00,0
TXN_00000104,CUST_000285,4628,2025-06-23,13:36:04,351.79,Hilton,Hotel,Springfield,IL,00,0
TXN_00000335,CUST_000499,2572,2025-06-23,13:39:04,7.91,Walgreens,Pharmacy,Erie,PA,00,0
TXN_00000179,CUST_000325,1296,2025-06-23,21:29:04,225.93,Mall ATM,ATM,Columbus,GA,00,0
TXN_00000216,CUST_000457,9041,2025-06-24,08:11:04,191.79,Walmart.com,Online Retail,Columbus,GA,00,0
TXN_00000388,CUST_000078,5072,2025-06-24,13:24:04,142.11,Whole Foods,Grocery,Rochester,NY,00,0
TXN_00000650,CUST_000245,9749,2025-06-24,18:21:04,70.17,Whole Foods,Grocery,Syracuse,NY,00,0
TXN_00000160,CUST_000363,1006,2025-06-24,19:01:04,390.11,Best Western,Hotel,Toledo,OH,00,0
TXN_00000116,CUST_000200,1212,2025-06-24,20:56:04,287.35,Mall ATM,ATM,Durham,NC,00,0
TXN_00000336,CUST_000149,8554,2025-06-25,03:12:04,51.08,Nordstrom,Department Store,Warren,MI,00,0
TXN_00000755,CUST_000022,8169,2025-06-25,11:46:04,1141.49,Fry's Electronics,Electronics,Atlanta,GA,00,0
TXN_00000001,CUST_000380,0013,2025-06-25,19:10:04,1341.87,Target.com,Online Retail,Remote_VT,VT,14,1
TXN_00000705,CUST_000082,8449,2025-06-25,19:16:04,197.42,Macy's,Department Store,Cleveland,OH,00,0
TXN_00000491,CUST_000143,9551,2025-06-25,21:05:04,74.99,Sports Arena,Entertainment,Cincinnati,OH,00,0
TXN_00000887,CUST_000332,0557,2025-06-25,23:46:04,38.57,Whole Foods,Grocery,Cleveland,OH,00,0
TXN_00000894,CUST_000284,3584,2025-06-26,01:24:04,56.87,Kohl's,Department Store,Columbus,GA,00,0
TXN_00000097,CUST_000315,8783,2025-06-26,01:32:04,265.11,Target.com,Online Retail,Syracuse,NY,00,0
TXN_00000235,CUST_000324,5449,2025-06-26,02:35:04,446.09,Convenience Store ATM,ATM,Erie,PA,00,0
TXN_00000175,CUST_000142,5207,2025-06-26,03:04:04,229.52,Nordstrom,Department Store,Toledo,OH,00,0
TXN_00000593,CUST_000272,8741,2025-06-26,03:39:04,289.8,Amazon,Online Retail,Rockford,IL,00,0
TXN_00000141,CUST_000316,5691,2025-06-26,09:43:04,190.59,Kohl's,Department Store,Miami,FL,00,0
TXN_00000856,CUST_000076,3231,2025-06-26,10:24:04,45.92,Starbucks,Restaurant,San Antonio,TX,00,0
TXN_00000753,CUST_000080,6438,2025-06-26,12:38:04,21.41,BP,Gas Station,San Diego,CA,00,0
TXN_00000973,CUST_000119,3910,2025-06-26,17:07:04,57.73,Nordstrom,Department Store,San Francisco,CA,00,0
TXN_00000840,CUST_000486,6432,2025-06-26,21:44:04,61.8,BP,Gas Station,Warren,MI,00,0
TXN_00000651,CUST_000413,5878,2025-06-26,22:46:04,88.12,Nordstrom,Department Store,Raleigh,NC,00,0
TXN_00000037,CUST_000478,2639,2025-06-27,00:40:04,914.37,Concert Hall,Entertainment,Cincinnati,OH,61,1
TXN_00000738,CUST_000290,2182,2025-06-27,01:29:04,232.53,Amazon,Online Retail,Allentown,PA,00,0
TXN_00000154,CUST_000323,8564,2025-06-27,08:24:04,48.48,McDonald's,Restaurant,Miami,FL,00,0
TXN_00000362,CUST_000323,1238,2025-06-27,12:20:04,87.0,Olive Garden,Restaurant,Erie,PA,00,0
TXN_00000890,CUST_000157,4723,2025-06-27,16:49:04,41.05,Theme Park,Entertainment,Raleigh,NC,00,0
TXN_00000874,CUST_000178,3867,2025-06-27,18:27:04,114.07,Mall ATM,ATM,Houston,TX,00,0
TXN_00000620,CUST_000468,7996,2025-06-27,19:20:04,420.37,Mall ATM,ATM,Peoria,IL,00,0
TXN_00000735,CUST_000306,6604,2025-06-27,23:08:04,61.69,JCPenney,Department Store,Los Angeles,CA,00,0
TXN_00000173,CUST_000106,0349,2025-06-27,23:52:04,123.24,Nordstrom,Department Store,Cincinnati,OH,00,0
TXN_00000315,CUST_000108,2207,2025-06-28,03:27:04,16.38,Movie Theater,Entertainment,Jacksonville,FL,00,0
TXN_00000387,CUST_000420,4821,2025-06-28,03:30:04,187.34,Nordstrom,Department Store,Cincinnati,OH,00,0
TXN_00000783,CUST_000403,2031,2025-06-28,08:31:04,1018.24,Fry's Electronics,Electronics,Syracuse,NY,00,0
TXN_00000777,CUST_000232,7616,2025-06-28,14:13:04,80.28,Nordstrom,Department Store,Allentown,PA,00,0
TXN_00000196,CUST_000278,4608,2025-06-28,21:41:04,42.85,Shell,Gas Station,Los Angeles,CA,00,0
TXN_00000743,CUST_000015,1339,2025-06-29,01:37:04,225.06,JCPenney,Department Store,Peoria,IL,00,0
TXN_00000815,CUST_000444,0849,2025-06-29,10:53:04,175.58,Walmart.com,Online Retail,Sacramento,CA,00,0
TXN_00000440,CUST_000023,2419,2025-06-29,11:32:04,42.28,Pharmacy Plus,Pharmacy,Austin,TX,00,0
TXN_00000736,CUST_000216,7514,2025-06-29,12:57:04,143.29,Holiday Inn,Hotel,Sterling Heights,MI,00,0
TXN_00000992,CUST_000495,5049,2025-06-29,17:37:04,237.74,Credit Union ATM,ATM,Dallas,TX,00,0
TXN_00000059,CUST_000488,2717,2025-06-29,18:20:04,334.83,Holiday Inn,Hotel,Detroit,MI,00,0
TXN_00000101,CUST_000092,8686,2025-06-30,03:16:04,151.67,eBay,Online Retail,Austin,TX,00,0
TXN_00000379,CUST_000355,1220,2025-06-30,07:38:04,249.39,Amazon,Online Retail,Miami,FL,00,0
TXN_00000093,CUST_000334,0262,2025-06-30,07:39:04,120.31,Safeway,Grocery,Austin,TX,00,0
TXN_00000427,CUST_000488,8775,2025-06-30,08:57:04,70.75,Exxon,Gas Station,Toledo,OH,00,0
TXN_00000972,CUST_000302,1732,2025-06-30,13:52:04,256.24,Hyatt,Hotel,Allentown,PA,00,0
TXN_00000465,CUST_000398,1178,2025-06-30,15:33:04,186.38,Amazon,Online Retail,Sterling Heights,MI,00,0
TXN_00000704,CUST_000140,9060,2025-06-30,16:07:04,292.15,Hilton,Hotel,Miami,FL,00,0
TXN_00000462,CUST_000281,4438,2025-06-30,21:10:04,82.83,Bank ATM,ATM,Detroit,MI,00,0
TXN_00000800,CUST_000385,2023,2025-07-01,03:07:04,54.58,Bowling Alley,Entertainment,Springfield,IL,00,0
TXN_00000192,CUST_000232,5102,2025-07-01,03:54:04,342.99,Hilton,Hotel,Columbus,OH,00,0
TXN_00000809,CUST_000395,0950,2025-07-01,07:44:04,27.85,Rite Aid,Pharmacy,San Diego,CA,00,0
TXN_00000986,CUST_000130,1659,2025-07-01,20:12:04,856.27,Circuit City,Electronics,Houston,TX,00,0
TXN_00000291,CUST_000273,9465,2025-07-01,20:37:04,20.49,Mobil,Gas Station,Durham,NC,00,0
TXN_00000293,CUST_000072,0102,2025-07-01,21:39:04,391.99,Best Western,Hotel,Houston,TX,00,0
TXN_00000819,CUST_000326,6040,2025-07-01,23:03:04,96.13,Mall ATM,ATM,Sacramento,CA,00,0
TXN_00000837,CUST_000126,6691,2025-07-02,01:05:04,66.05,Walmart.com,Online Retail,Springfield,IL,00,0
TXN_00000163,CUST_000122,0614,2025-07-02,01:28:04,279.63,Micro Center,Electronics,San Francisco,CA,00,0
TXN_00000828,CUST_000089,7073,2025-07-03,00:21:04,86.21,Circuit City,Electronics,Orlando,FL,00,0
TXN_00000018,CUST_000161,2366,2025-07-03,02:48:04,1109.11,Olive Garden,Restaurant,Remote_WY,WY,61,1
TXN_00000331,CUST_000076,7813,2025-07-03,03:34:04,337.18,Best Western,Hotel,Springfield,IL,00,0
TXN_00000432,CUST_000310,2716,2025-07-03,07:19:04,654.73,Circuit City,Electronics,Sterling Heights,MI,00,0
TXN_00000898,CUST_000095,3619,2025-07-03,08:31:04,175.9,Fry's Electronics,Electronics,Rochester,NY,00,0
TXN_00000915,CUST_000163,9769,2025-07-03,14:13:04,67.5,Theme Park,Entertainment,Buffalo,NY,00,0
TXN_00000611,CUST_000218,7583,2025-07-04,03:55:04,53.45,Whole Foods,Grocery,Rochester,NY,00,0
TXN_00000354,CUST_000452,9690,2025-07-04,09:20:04,42.78,Concert Hall,Entertainment,Dallas,TX,00,0
TXN_00000727,CUST_000302,5747,2025-07-04,18:29:04,59.95,Health Mart,Pharmacy,Tampa,FL,00,0
TXN_00000645,CUST_000381,9429,2025-07-05,01:18:04,60.98,Kroger,Grocery,Durham,NC,00,0
TXN_00000275,CUST_000339,4556,2025-07-05,01:48:04,70.6,Chevron,Gas Station,Rochester,NY,00,0
TXN_00000881,CUST_000296,5934,2025-07-05,09:01:04,127.4,Walmart,Grocery,Jacksonville,FL,00,0
TXN_00000860,CUST_000075,6823,2025-07-05,14:05:04,1027.23,Fry's Electronics,Electronics,Chicago,IL,00,0
TXN_00000952,CUST_000002,9671,2025-07-05,19:11:04,54.66,CVS,Pharmacy,Sacramento,CA,00,0
TXN_00000460,CUST_000340,2437,2025-07-05,20:42:04,272.47,Hilton,Hotel,Houston,TX,00,0
TXN_00000562,CUST_000104,0205,2025-07-06,01:23:04,282.36,Gas Station ATM,ATM,Rochester,NY,00,0
TXN_00000980,CUST_000467,1299,2025-07-06,03:08:04,100.39,Convenience Store ATM,ATM,San Francisco,CA,00,0
TXN_00000042,CUST_000038,6713,2025-07-06,04:19:04,943.81,Gas Station ATM,ATM,Chicago,IL,51,1
TXN_00000219,CUST_000268,9916,2025-07-06,12:36:04,65.1,Subway,Restaurant,Miami,FL,00,0
TXN_00000888,CUST_000156,2736,2025-07-06,19:27:04,310.2,Best Western,Hotel,Rockford,IL,00,0
TXN_00000971,CUST_000458,2601,2025-07-06,21:09:04,23.55,CVS,Pharmacy,Austin,TX,00,0
TXN_00000307,CUST_000029,8063,2025-07-07,01:34:04,227.22,Kohl's,Department Store,Erie,PA,00,0
TXN_00000177,CUST_000046,4717,2025-07-07,02:50:04,91.24,Whole Foods,Grocery,Detroit,MI,00,0
TXN_00000692,CUST_000489,3748,2025-07-07,03:13:04,81.16,Nordstrom,Department Store,Durham,NC,00,0
TXN_00000579,CUST_000329,5749,2025-07-07,05:13:04,61.56,Target,Grocery,Springfield,IL,00,0
TXN_00000167,CUST_000422,8548,2025-07-07,05:21:04,331.7,Marriott,Hotel,Sterling Heights,MI,00,0
TXN_00000322,CUST_000451,9055,2025-07-07,18:48:04,89.01,Olive Garden,Restaurant,Raleigh,NC,00,0
TXN_00000983,CUST_000049,8819,2025-07-08,03:45:04,46.23,Health Mart,Pharmacy,Savannah,GA,00,0
TXN_00000627,CUST_000249,8575,2025-07-08,06:09:04,20.05,Sports Arena,Entertainment,San Antonio,TX,00,0
TXN_00000877,CUST_000020,4286,2025-07-08,06:45:04,206.1,Hyatt,Hotel,Austin,TX,00,0
TXN_00000051,CUST_000047,8851,2025-07-08,07:13:04,439.33,Convenience Store ATM,ATM,Columbus,OH,00,0
TXN_00000975,CUST_000076,9006,2025-07-08,10:30:04,1134.34,Micro Center,Electronics,Charlotte,NC,00,0
TXN_00000043,CUST_000467,4210,2025-07-08,15:12:04,4.28,Kohl's,Department Store,Houston,TX,14,1
TXN_00000188,CUST_000067,0899,2025-07-08,16:06:04,167.75,Best Buy Online,Online Retail,Detroit,MI,00,0
TXN_00000822,CUST_000442,4389,2025-07-08,19:26:04,1110.1,RadioShack,Electronics,Atlanta,GA,00,0
TXN_00000821,CUST_000245,7638,2025-07-09,01:02:04,19.88,Concert Hall,Entertainment,Allentown,PA,00,0
TXN_00000088,CUST_000306,8962,2025-07-09,12:10:04,182.46,Amazon,Online Retail,Buffalo,NY,00,0
TXN_00000313,CUST_000074,2791,2025-07-09,20:22:04,122.13,Nordstrom,Department Store,Raleigh,NC,00,0
TXN_00000937,CUST_000083,7462,2025-07-10,13:36:04,8.7,Health Mart,Pharmacy,Los Angeles,CA,00,0
TXN_00000929,CUST_000015,4989,2025-07-11,01:26:04,59.2,Movie Theater,Entertainment,Sacramento,CA,00,0
TXN_00000571,CUST_000054,8348,2025-07-11,09:41:04,127.41,Amazon,Online Retail,Houston,TX,00,0
TXN_00000931,CUST_000357,5594,2025-07-11,10:34:04,11.09,CVS,Pharmacy,Grand Rapids,MI,00,0
TXN_00000449,CUST_000076,0116,2025-07-11,13:50:04,487.59,Gas Station ATM,ATM,Buffalo,NY,00,0
TXN_00000501,CUST_000186,5524,2025-07-11,18:24:04,347.28,Hilton,Hotel,Durham,NC,00,0
TXN_00000455,CUST_000232,0573,2025-07-11,23:32:04,510.19,Micro Center,Electronics,Detroit,MI,00,0
TXN_00000644,CUST_000141,9544,2025-07-12,00:45:04,81.56,Olive Garden,Restaurant,Columbus,GA,00,0
TXN_00000306,CUST_000201,3067,2025-07-12,03:06:04,52.12,Mobil,Gas Station,Allentown,PA,00,0
TXN_00000904,CUST_000370,7013,2025-07-12,03:31:04,125.4,Marriott,Hotel,Jacksonville,FL,00,0
TXN_00000148,CUST_000499,0623,2025-07-12,03:38:04,217.2,Nordstrom,Department Store,Cincinnati,OH,00,0
TXN_00000390,CUST_000330,1085,2025-07-12,04:37:04,269.83,Credit Union ATM,ATM,Greensboro,NC,00,0
TXN_00000028,CUST_000006,7701,2025-07-12,05:44:04,864.96,JCPenney,Department Store,Warren,MI,61,1
TXN_00000225,CUST_000047,3769,2025-07-12,19:07:04,34.5,Kroger,Grocery,Charlotte,NC,00,0
TXN_00000022,CUST_000213,9096,2025-07-12,22:13:04,947.92,Marriott,Hotel,Toledo,OH,61,1
TXN_00000126,CUST_000143,1478,2025-07-12,22:22:04,26.38,Health Mart,Pharmacy,Columbus,OH,00,0
TXN_00000222,CUST_000071,8902,2025-07-13,04:56:04,406.1,Bank ATM,ATM,San Antonio,TX,00,0
TXN_00000984,CUST_000196,3186,2025-07-13,14:15:04,634.8,Circuit City,Electronics,Sterling Heights,MI,00,0
